[run number],number-of-tasks,vicinity-radius,dependence-exponent,number-of-people,willingness-to-help,initial-patience,self-conscious-coeff,[step]
2,100,10,0,50,100,100,1,25
16,100,10,0,50,100,100,1,30
14,100,10,0,50,100,100,1,31
3,100,10,0,50,100,100,1,27
7,100,10,0,50,100,100,1,28
9,100,10,0,50,100,100,1,24
12,100,10,0,50,100,100,1,29
1,100,10,0,50,100,100,1,22
13,100,10,0,50,100,100,1,19
8,100,10,0,50,100,100,1,21
4,100,10,0,50,100,100,1,38
10,100,10,0,50,100,100,1,31
5,100,10,0,50,100,100,1,25
17,100,10,0,50,100,100,1,26
15,100,10,0,50,100,100,1,31
6,100,10,0,50,100,100,1,26
19,100,10,0,50,100,100,1,22
11,100,10,0,50,100,100,1,39
24,100,10,0,50,100,100,1,26
18,100,10,0,50,100,100,1,27
22,100,10,0,50,100,100,1,27
20,100,10,0,50,100,100,1,23
21,100,10,0,50,100,100,1,27
23,100,10,0,50,100,100,1,30
30,100,10,0,50,100,100,1,23
27,100,10,0,50,100,100,1,27
33,100,10,0,50,100,100,1,31
26,100,10,0,50,100,100,1,23
35,100,10,0,50,100,100,1,23
36,100,10,0,50,100,100,1,29
39,100,10,0,50,100,100,1,23
25,100,10,0,50,100,100,1,24
28,100,10,0,50,100,100,1,29
34,100,10,0,50,100,100,1,22
38,100,10,0,50,100,100,1,27
42,100,10,0,50,100,100,1,22
40,100,10,0,50,100,100,1,31
29,100,10,0,50,100,100,1,30
37,100,10,0,50,100,100,1,41
31,100,10,0,50,100,100,1,31
41,100,10,0,50,100,100,1,31
32,100,10,0,50,100,100,1,31
43,100,10,0,50,100,100,1,27
46,100,10,0,50,100,100,1,26
45,100,10,0,50,100,100,1,38
47,100,10,0,50,100,100,1,31
44,100,10,0,50,100,100,1,26
52,100,10,0,50,100,100,1,27
53,100,10,0,50,100,100,1,29
55,100,10,0,50,100,100,1,26
51,100,10,0,50,100,100,1,38
50,100,10,0,50,100,100,1,23
48,100,10,0,50,100,100,1,23
54,100,10,0,50,100,100,1,24
59,100,10,0,50,100,100,1,20
57,100,10,0,50,100,100,1,26
49,100,10,0,50,100,100,1,33
56,100,10,0,50,100,100,1,27
60,100,10,0,50,100,100,1,24
61,100,10,0,50,100,100,1,19
64,100,10,0,50,100,100,1,31
58,100,10,0,50,100,100,1,30
62,100,10,0,50,100,100,1,35
65,100,10,0,50,100,100,1,24
71,100,10,0,50,100,100,1,20
76,100,10,0,50,100,100,1,20
66,100,10,0,50,100,100,1,37
67,100,10,0,50,100,100,1,40
72,100,10,0,50,100,100,1,28
79,100,10,0,50,100,100,1,22
77,100,10,0,50,100,100,1,26
81,100,10,0,50,100,100,1,26
70,100,10,0,50,100,100,1,18
75,100,10,0,50,100,100,1,49
83,100,10,0,50,100,100,1,23
80,100,10,0,50,100,100,1,25
68,100,10,0,50,100,100,1,27
82,100,10,0,50,100,100,1,30
84,100,10,0,50,100,100,1,39
63,100,10,0,50,100,100,1,22
69,100,10,0,50,100,100,1,30
86,100,10,0,50,100,100,1,34
74,100,10,0,50,100,100,1,23
85,100,10,0,50,100,100,1,22
87,100,10,0,50,100,100,1,26
73,100,10,0,50,100,100,1,33
88,100,10,0,50,100,100,1,23
91,100,10,0,50,100,100,1,24
90,100,10,0,50,100,100,1,27
78,100,10,0,50,100,100,1,22
92,100,10,0,50,100,100,1,26
94,100,10,0,50,100,100,1,25
95,100,10,0,50,100,100,1,24
98,100,10,0,50,100,100,1,27
104,100,10,0.1,50,100,100,1,23
103,100,10,0.1,50,100,100,1,29
101,100,10,0.1,50,100,100,1,27
100,100,10,0,50,100,100,1,32
89,100,10,0,50,100,100,1,31
105,100,10,0.1,50,100,100,1,36
93,100,10,0,50,100,100,1,31
107,100,10,0.1,50,100,100,1,27
106,100,10,0.1,50,100,100,1,21
108,100,10,0.1,50,100,100,1,38
110,100,10,0.1,50,100,100,1,21
96,100,10,0,50,100,100,1,32
97,100,10,0,50,100,100,1,24
102,100,10,0.1,50,100,100,1,27
109,100,10,0.1,50,100,100,1,25
99,100,10,0,50,100,100,1,25
111,100,10,0.1,50,100,100,1,25
114,100,10,0.1,50,100,100,1,23
113,100,10,0.1,50,100,100,1,32
112,100,10,0.1,50,100,100,1,35
120,100,10,0.1,50,100,100,1,25
116,100,10,0.1,50,100,100,1,32
118,100,10,0.1,50,100,100,1,27
121,100,10,0.1,50,100,100,1,26
127,100,10,0.1,50,100,100,1,24
125,100,10,0.1,50,100,100,1,34
128,100,10,0.1,50,100,100,1,31
130,100,10,0.1,50,100,100,1,26
129,100,10,0.1,50,100,100,1,29
117,100,10,0.1,50,100,100,1,31
134,100,10,0.1,50,100,100,1,29
115,100,10,0.1,50,100,100,1,24
122,100,10,0.1,50,100,100,1,22
132,100,10,0.1,50,100,100,1,35
131,100,10,0.1,50,100,100,1,31
133,100,10,0.1,50,100,100,1,29
124,100,10,0.1,50,100,100,1,27
135,100,10,0.1,50,100,100,1,25
136,100,10,0.1,50,100,100,1,30
123,100,10,0.1,50,100,100,1,26
119,100,10,0.1,50,100,100,1,30
126,100,10,0.1,50,100,100,1,24
138,100,10,0.1,50,100,100,1,22
137,100,10,0.1,50,100,100,1,26
139,100,10,0.1,50,100,100,1,26
145,100,10,0.1,50,100,100,1,24
148,100,10,0.1,50,100,100,1,26
149,100,10,0.1,50,100,100,1,30
144,100,10,0.1,50,100,100,1,30
141,100,10,0.1,50,100,100,1,51
146,100,10,0.1,50,100,100,1,28
140,100,10,0.1,50,100,100,1,27
154,100,10,0.1,50,100,100,1,24
155,100,10,0.1,50,100,100,1,31
147,100,10,0.1,50,100,100,1,20
142,100,10,0.1,50,100,100,1,25
153,100,10,0.1,50,100,100,1,26
156,100,10,0.1,50,100,100,1,23
158,100,10,0.1,50,100,100,1,24
157,100,10,0.1,50,100,100,1,31
159,100,10,0.1,50,100,100,1,26
161,100,10,0.1,50,100,100,1,24
160,100,10,0.1,50,100,100,1,29
152,100,10,0.1,50,100,100,1,32
163,100,10,0.1,50,100,100,1,29
164,100,10,0.1,50,100,100,1,22
150,100,10,0.1,50,100,100,1,24
167,100,10,0.1,50,100,100,1,32
169,100,10,0.1,50,100,100,1,23
151,100,10,0.1,50,100,100,1,33
168,100,10,0.1,50,100,100,1,26
170,100,10,0.1,50,100,100,1,25
172,100,10,0.1,50,100,100,1,24
171,100,10,0.1,50,100,100,1,25
165,100,10,0.1,50,100,100,1,22
173,100,10,0.1,50,100,100,1,24
179,100,10,0.1,50,100,100,1,23
176,100,10,0.1,50,100,100,1,25
175,100,10,0.1,50,100,100,1,25
178,100,10,0.1,50,100,100,1,29
181,100,10,0.1,50,100,100,1,29
182,100,10,0.1,50,100,100,1,34
183,100,10,0.1,50,100,100,1,26
162,100,10,0.1,50,100,100,1,33
184,100,10,0.1,50,100,100,1,24
186,100,10,0.1,50,100,100,1,26
188,100,10,0.1,50,100,100,1,27
189,100,10,0.1,50,100,100,1,27
143,100,10,0.1,50,100,100,1,39
191,100,10,0.1,50,100,100,1,29
187,100,10,0.1,50,100,100,1,33
192,100,10,0.1,50,100,100,1,23
190,100,10,0.1,50,100,100,1,31
174,100,10,0.1,50,100,100,1,32
180,100,10,0.1,50,100,100,1,20
166,100,10,0.1,50,100,100,1,27
193,100,10,0.1,50,100,100,1,29
195,100,10,0.1,50,100,100,1,32
196,100,10,0.1,50,100,100,1,27
198,100,10,0.1,50,100,100,1,23
197,100,10,0.1,50,100,100,1,26
200,100,10,0.1,50,100,100,1,30
202,100,10,0.2,50,100,100,1,30
177,100,10,0.1,50,100,100,1,26
201,100,10,0.2,50,100,100,1,40
203,100,10,0.2,50,100,100,1,36
194,100,10,0.1,50,100,100,1,26
185,100,10,0.1,50,100,100,1,26
209,100,10,0.2,50,100,100,1,27
207,100,10,0.2,50,100,100,1,38
210,100,10,0.2,50,100,100,1,32
211,100,10,0.2,50,100,100,1,30
208,100,10,0.2,50,100,100,1,31
212,100,10,0.2,50,100,100,1,28
213,100,10,0.2,50,100,100,1,37
215,100,10,0.2,50,100,100,1,33
199,100,10,0.1,50,100,100,1,32
205,100,10,0.2,50,100,100,1,24
206,100,10,0.2,50,100,100,1,28
204,100,10,0.2,50,100,100,1,38
216,100,10,0.2,50,100,100,1,35
222,100,10,0.2,50,100,100,1,28
224,100,10,0.2,50,100,100,1,25
223,100,10,0.2,50,100,100,1,30
220,100,10,0.2,50,100,100,1,32
221,100,10,0.2,50,100,100,1,34
219,100,10,0.2,50,100,100,1,44
217,100,10,0.2,50,100,100,1,29
225,100,10,0.2,50,100,100,1,32
226,100,10,0.2,50,100,100,1,29
214,100,10,0.2,50,100,100,1,28
231,100,10,0.2,50,100,100,1,27
232,100,10,0.2,50,100,100,1,27
233,100,10,0.2,50,100,100,1,27
234,100,10,0.2,50,100,100,1,24
228,100,10,0.2,50,100,100,1,28
235,100,10,0.2,50,100,100,1,27
237,100,10,0.2,50,100,100,1,25
218,100,10,0.2,50,100,100,1,25
240,100,10,0.2,50,100,100,1,23
236,100,10,0.2,50,100,100,1,41
230,100,10,0.2,50,100,100,1,36
238,100,10,0.2,50,100,100,1,24
239,100,10,0.2,50,100,100,1,33
229,100,10,0.2,50,100,100,1,37
243,100,10,0.2,50,100,100,1,28
244,100,10,0.2,50,100,100,1,27
242,100,10,0.2,50,100,100,1,27
248,100,10,0.2,50,100,100,1,25
247,100,10,0.2,50,100,100,1,28
245,100,10,0.2,50,100,100,1,35
254,100,10,0.2,50,100,100,1,25
251,100,10,0.2,50,100,100,1,27
250,100,10,0.2,50,100,100,1,30
241,100,10,0.2,50,100,100,1,30
246,100,10,0.2,50,100,100,1,25
259,100,10,0.2,50,100,100,1,23
257,100,10,0.2,50,100,100,1,28
227,100,10,0.2,50,100,100,1,27
256,100,10,0.2,50,100,100,1,28
258,100,10,0.2,50,100,100,1,35
249,100,10,0.2,50,100,100,1,27
253,100,10,0.2,50,100,100,1,31
260,100,10,0.2,50,100,100,1,28
261,100,10,0.2,50,100,100,1,26
252,100,10,0.2,50,100,100,1,37
263,100,10,0.2,50,100,100,1,24
262,100,10,0.2,50,100,100,1,31
264,100,10,0.2,50,100,100,1,33
255,100,10,0.2,50,100,100,1,35
267,100,10,0.2,50,100,100,1,29
266,100,10,0.2,50,100,100,1,22
268,100,10,0.2,50,100,100,1,27
270,100,10,0.2,50,100,100,1,27
271,100,10,0.2,50,100,100,1,25
265,100,10,0.2,50,100,100,1,34
278,100,10,0.2,50,100,100,1,26
275,100,10,0.2,50,100,100,1,26
269,100,10,0.2,50,100,100,1,28
272,100,10,0.2,50,100,100,1,34
277,100,10,0.2,50,100,100,1,30
279,100,10,0.2,50,100,100,1,24
274,100,10,0.2,50,100,100,1,40
281,100,10,0.2,50,100,100,1,26
283,100,10,0.2,50,100,100,1,25
276,100,10,0.2,50,100,100,1,28
284,100,10,0.2,50,100,100,1,28
285,100,10,0.2,50,100,100,1,24
273,100,10,0.2,50,100,100,1,29
280,100,10,0.2,50,100,100,1,30
282,100,10,0.2,50,100,100,1,35
287,100,10,0.2,50,100,100,1,25
291,100,10,0.2,50,100,100,1,20
289,100,10,0.2,50,100,100,1,22
288,100,10,0.2,50,100,100,1,32
286,100,10,0.2,50,100,100,1,24
290,100,10,0.2,50,100,100,1,26
293,100,10,0.2,50,100,100,1,26
292,100,10,0.2,50,100,100,1,34
294,100,10,0.2,50,100,100,1,27
295,100,10,0.2,50,100,100,1,25
299,100,10,0.2,50,100,100,1,24
297,100,10,0.2,50,100,100,1,29
298,100,10,0.2,50,100,100,1,26
296,100,10,0.2,50,100,100,1,33
302,100,10,0.3,50,100,100,1,33
300,100,10,0.2,50,100,100,1,33
303,100,10,0.3,50,100,100,1,33
308,100,10,0.3,50,100,100,1,27
301,100,10,0.3,50,100,100,1,31
305,100,10,0.3,50,100,100,1,32
310,100,10,0.3,50,100,100,1,25
311,100,10,0.3,50,100,100,1,30
309,100,10,0.3,50,100,100,1,28
307,100,10,0.3,50,100,100,1,29
313,100,10,0.3,50,100,100,1,28
306,100,10,0.3,50,100,100,1,33
316,100,10,0.3,50,100,100,1,24
314,100,10,0.3,50,100,100,1,36
318,100,10,0.3,50,100,100,1,31
312,100,10,0.3,50,100,100,1,29
324,100,10,0.3,50,100,100,1,23
322,100,10,0.3,50,100,100,1,28
319,100,10,0.3,50,100,100,1,29
323,100,10,0.3,50,100,100,1,38
317,100,10,0.3,50,100,100,1,26
304,100,10,0.3,50,100,100,1,35
326,100,10,0.3,50,100,100,1,34
321,100,10,0.3,50,100,100,1,47
320,100,10,0.3,50,100,100,1,36
325,100,10,0.3,50,100,100,1,27
328,100,10,0.3,50,100,100,1,37
329,100,10,0.3,50,100,100,1,35
330,100,10,0.3,50,100,100,1,29
333,100,10,0.3,50,100,100,1,27
315,100,10,0.3,50,100,100,1,35
332,100,10,0.3,50,100,100,1,36
335,100,10,0.3,50,100,100,1,36
334,100,10,0.3,50,100,100,1,36
338,100,10,0.3,50,100,100,1,32
337,100,10,0.3,50,100,100,1,30
339,100,10,0.3,50,100,100,1,30
342,100,10,0.3,50,100,100,1,30
336,100,10,0.3,50,100,100,1,37
340,100,10,0.3,50,100,100,1,32
327,100,10,0.3,50,100,100,1,32
343,100,10,0.3,50,100,100,1,29
344,100,10,0.3,50,100,100,1,33
346,100,10,0.3,50,100,100,1,29
348,100,10,0.3,50,100,100,1,21
345,100,10,0.3,50,100,100,1,34
347,100,10,0.3,50,100,100,1,29
331,100,10,0.3,50,100,100,1,38
341,100,10,0.3,50,100,100,1,32
349,100,10,0.3,50,100,100,1,32
350,100,10,0.3,50,100,100,1,30
351,100,10,0.3,50,100,100,1,27
352,100,10,0.3,50,100,100,1,40
357,100,10,0.3,50,100,100,1,26
356,100,10,0.3,50,100,100,1,23
353,100,10,0.3,50,100,100,1,47
360,100,10,0.3,50,100,100,1,33
362,100,10,0.3,50,100,100,1,29
358,100,10,0.3,50,100,100,1,33
366,100,10,0.3,50,100,100,1,24
361,100,10,0.3,50,100,100,1,46
365,100,10,0.3,50,100,100,1,28
355,100,10,0.3,50,100,100,1,26
368,100,10,0.3,50,100,100,1,29
369,100,10,0.3,50,100,100,1,24
372,100,10,0.3,50,100,100,1,27
364,100,10,0.3,50,100,100,1,27
371,100,10,0.3,50,100,100,1,30
373,100,10,0.3,50,100,100,1,23
359,100,10,0.3,50,100,100,1,36
363,100,10,0.3,50,100,100,1,34
374,100,10,0.3,50,100,100,1,36
376,100,10,0.3,50,100,100,1,32
375,100,10,0.3,50,100,100,1,30
367,100,10,0.3,50,100,100,1,25
377,100,10,0.3,50,100,100,1,36
354,100,10,0.3,50,100,100,1,48
383,100,10,0.3,50,100,100,1,25
379,100,10,0.3,50,100,100,1,24
381,100,10,0.3,50,100,100,1,35
380,100,10,0.3,50,100,100,1,38
384,100,10,0.3,50,100,100,1,37
370,100,10,0.3,50,100,100,1,31
388,100,10,0.3,50,100,100,1,27
389,100,10,0.3,50,100,100,1,26
378,100,10,0.3,50,100,100,1,28
387,100,10,0.3,50,100,100,1,29
386,100,10,0.3,50,100,100,1,31
391,100,10,0.3,50,100,100,1,31
393,100,10,0.3,50,100,100,1,33
382,100,10,0.3,50,100,100,1,35
394,100,10,0.3,50,100,100,1,28
395,100,10,0.3,50,100,100,1,31
390,100,10,0.3,50,100,100,1,30
396,100,10,0.3,50,100,100,1,24
397,100,10,0.3,50,100,100,1,34
399,100,10,0.3,50,100,100,1,29
400,100,10,0.3,50,100,100,1,29
401,100,10,0.4,50,100,100,1,26
402,100,10,0.4,50,100,100,1,31
385,100,10,0.3,50,100,100,1,26
404,100,10,0.4,50,100,100,1,25
392,100,10,0.3,50,100,100,1,34
408,100,10,0.4,50,100,100,1,28
407,100,10,0.4,50,100,100,1,30
405,100,10,0.4,50,100,100,1,42
410,100,10,0.4,50,100,100,1,32
406,100,10,0.4,50,100,100,1,27
411,100,10,0.4,50,100,100,1,36
403,100,10,0.4,50,100,100,1,25
413,100,10,0.4,50,100,100,1,33
412,100,10,0.4,50,100,100,1,34
409,100,10,0.4,50,100,100,1,42
398,100,10,0.3,50,100,100,1,34
415,100,10,0.4,50,100,100,1,28
414,100,10,0.4,50,100,100,1,30
419,100,10,0.4,50,100,100,1,39
418,100,10,0.4,50,100,100,1,32
417,100,10,0.4,50,100,100,1,45
422,100,10,0.4,50,100,100,1,28
424,100,10,0.4,50,100,100,1,26
421,100,10,0.4,50,100,100,1,47
416,100,10,0.4,50,100,100,1,37
423,100,10,0.4,50,100,100,1,23
426,100,10,0.4,50,100,100,1,27
420,100,10,0.4,50,100,100,1,46
427,100,10,0.4,50,100,100,1,37
432,100,10,0.4,50,100,100,1,23
430,100,10,0.4,50,100,100,1,32
425,100,10,0.4,50,100,100,1,40
428,100,10,0.4,50,100,100,1,30
431,100,10,0.4,50,100,100,1,29
429,100,10,0.4,50,100,100,1,33
435,100,10,0.4,50,100,100,1,29
434,100,10,0.4,50,100,100,1,33
440,100,10,0.4,50,100,100,1,25
436,100,10,0.4,50,100,100,1,36
437,100,10,0.4,50,100,100,1,34
441,100,10,0.4,50,100,100,1,32
438,100,10,0.4,50,100,100,1,28
442,100,10,0.4,50,100,100,1,35
439,100,10,0.4,50,100,100,1,35
443,100,10,0.4,50,100,100,1,39
444,100,10,0.4,50,100,100,1,39
449,100,10,0.4,50,100,100,1,28
445,100,10,0.4,50,100,100,1,44
451,100,10,0.4,50,100,100,1,28
447,100,10,0.4,50,100,100,1,28
453,100,10,0.4,50,100,100,1,36
433,100,10,0.4,50,100,100,1,34
450,100,10,0.4,50,100,100,1,42
448,100,10,0.4,50,100,100,1,31
454,100,10,0.4,50,100,100,1,31
452,100,10,0.4,50,100,100,1,44
446,100,10,0.4,50,100,100,1,44
456,100,10,0.4,50,100,100,1,29
458,100,10,0.4,50,100,100,1,39
457,100,10,0.4,50,100,100,1,27
460,100,10,0.4,50,100,100,1,23
459,100,10,0.4,50,100,100,1,31
462,100,10,0.4,50,100,100,1,27
464,100,10,0.4,50,100,100,1,29
455,100,10,0.4,50,100,100,1,34
465,100,10,0.4,50,100,100,1,30
467,100,10,0.4,50,100,100,1,27
469,100,10,0.4,50,100,100,1,30
468,100,10,0.4,50,100,100,1,33
463,100,10,0.4,50,100,100,1,29
466,100,10,0.4,50,100,100,1,36
472,100,10,0.4,50,100,100,1,32
471,100,10,0.4,50,100,100,1,41
461,100,10,0.4,50,100,100,1,30
475,100,10,0.4,50,100,100,1,31
476,100,10,0.4,50,100,100,1,29
474,100,10,0.4,50,100,100,1,42
477,100,10,0.4,50,100,100,1,32
470,100,10,0.4,50,100,100,1,39
473,100,10,0.4,50,100,100,1,33
481,100,10,0.4,50,100,100,1,32
482,100,10,0.4,50,100,100,1,31
484,100,10,0.4,50,100,100,1,29
486,100,10,0.4,50,100,100,1,28
485,100,10,0.4,50,100,100,1,38
479,100,10,0.4,50,100,100,1,31
478,100,10,0.4,50,100,100,1,33
480,100,10,0.4,50,100,100,1,27
488,100,10,0.4,50,100,100,1,30
487,100,10,0.4,50,100,100,1,36
491,100,10,0.4,50,100,100,1,31
490,100,10,0.4,50,100,100,1,33
489,100,10,0.4,50,100,100,1,41
483,100,10,0.4,50,100,100,1,45
494,100,10,0.4,50,100,100,1,36
496,100,10,0.4,50,100,100,1,30
495,100,10,0.4,50,100,100,1,26
498,100,10,0.4,50,100,100,1,31
492,100,10,0.4,50,100,100,1,30
497,100,10,0.4,50,100,100,1,35
493,100,10,0.4,50,100,100,1,34
502,100,10,0.5,50,100,100,1,29
506,100,10,0.5,50,100,100,1,31
505,100,10,0.5,50,100,100,1,40
504,100,10,0.5,50,100,100,1,39
500,100,10,0.4,50,100,100,1,33
503,100,10,0.5,50,100,100,1,30
501,100,10,0.5,50,100,100,1,29
508,100,10,0.5,50,100,100,1,32
507,100,10,0.5,50,100,100,1,30
511,100,10,0.5,50,100,100,1,26
509,100,10,0.5,50,100,100,1,34
510,100,10,0.5,50,100,100,1,37
513,100,10,0.5,50,100,100,1,46
499,100,10,0.4,50,100,100,1,34
512,100,10,0.5,50,100,100,1,27
516,100,10,0.5,50,100,100,1,29
515,100,10,0.5,50,100,100,1,38
514,100,10,0.5,50,100,100,1,33
517,100,10,0.5,50,100,100,1,30
524,100,10,0.5,50,100,100,1,31
518,100,10,0.5,50,100,100,1,36
522,100,10,0.5,50,100,100,1,40
523,100,10,0.5,50,100,100,1,28
525,100,10,0.5,50,100,100,1,28
520,100,10,0.5,50,100,100,1,35
526,100,10,0.5,50,100,100,1,33
521,100,10,0.5,50,100,100,1,41
528,100,10,0.5,50,100,100,1,33
519,100,10,0.5,50,100,100,1,33
530,100,10,0.5,50,100,100,1,28
527,100,10,0.5,50,100,100,1,40
531,100,10,0.5,50,100,100,1,29
534,100,10,0.5,50,100,100,1,37
529,100,10,0.5,50,100,100,1,40
535,100,10,0.5,50,100,100,1,29
533,100,10,0.5,50,100,100,1,32
536,100,10,0.5,50,100,100,1,34
537,100,10,0.5,50,100,100,1,29
539,100,10,0.5,50,100,100,1,30
538,100,10,0.5,50,100,100,1,31
540,100,10,0.5,50,100,100,1,33
545,100,10,0.5,50,100,100,1,36
547,100,10,0.5,50,100,100,1,32
549,100,10,0.5,50,100,100,1,32
544,100,10,0.5,50,100,100,1,51
543,100,10,0.5,50,100,100,1,30
546,100,10,0.5,50,100,100,1,50
541,100,10,0.5,50,100,100,1,32
550,100,10,0.5,50,100,100,1,41
551,100,10,0.5,50,100,100,1,36
542,100,10,0.5,50,100,100,1,33
554,100,10,0.5,50,100,100,1,36
556,100,10,0.5,50,100,100,1,32
555,100,10,0.5,50,100,100,1,32
548,100,10,0.5,50,100,100,1,36
553,100,10,0.5,50,100,100,1,32
552,100,10,0.5,50,100,100,1,28
558,100,10,0.5,50,100,100,1,35
557,100,10,0.5,50,100,100,1,39
532,100,10,0.5,50,100,100,1,49
559,100,10,0.5,50,100,100,1,44
564,100,10,0.5,50,100,100,1,29
561,100,10,0.5,50,100,100,1,33
563,100,10,0.5,50,100,100,1,43
560,100,10,0.5,50,100,100,1,33
566,100,10,0.5,50,100,100,1,34
567,100,10,0.5,50,100,100,1,37
568,100,10,0.5,50,100,100,1,34
572,100,10,0.5,50,100,100,1,34
573,100,10,0.5,50,100,100,1,40
575,100,10,0.5,50,100,100,1,28
569,100,10,0.5,50,100,100,1,37
577,100,10,0.5,50,100,100,1,26
576,100,10,0.5,50,100,100,1,40
574,100,10,0.5,50,100,100,1,29
565,100,10,0.5,50,100,100,1,45
570,100,10,0.5,50,100,100,1,37
578,100,10,0.5,50,100,100,1,34
562,100,10,0.5,50,100,100,1,37
583,100,10,0.5,50,100,100,1,27
582,100,10,0.5,50,100,100,1,33
584,100,10,0.5,50,100,100,1,30
585,100,10,0.5,50,100,100,1,28
581,100,10,0.5,50,100,100,1,49
571,100,10,0.5,50,100,100,1,42
580,100,10,0.5,50,100,100,1,60
588,100,10,0.5,50,100,100,1,32
586,100,10,0.5,50,100,100,1,27
587,100,10,0.5,50,100,100,1,43
592,100,10,0.5,50,100,100,1,30
591,100,10,0.5,50,100,100,1,29
594,100,10,0.5,50,100,100,1,30
590,100,10,0.5,50,100,100,1,34
596,100,10,0.5,50,100,100,1,37
598,100,10,0.5,50,100,100,1,28
593,100,10,0.5,50,100,100,1,35
595,100,10,0.5,50,100,100,1,37
579,100,10,0.5,50,100,100,1,42
597,100,10,0.5,50,100,100,1,38
600,100,10,0.5,50,100,100,1,40
601,100,10,0.6,50,100,100,1,36
599,100,10,0.5,50,100,100,1,29
604,100,10,0.6,50,100,100,1,30
606,100,10,0.6,50,100,100,1,31
603,100,10,0.6,50,100,100,1,37
589,100,10,0.5,50,100,100,1,46
602,100,10,0.6,50,100,100,1,43
605,100,10,0.6,50,100,100,1,37
608,100,10,0.6,50,100,100,1,30
609,100,10,0.6,50,100,100,1,31
611,100,10,0.6,50,100,100,1,31
612,100,10,0.6,50,100,100,1,26
613,100,10,0.6,50,100,100,1,38
615,100,10,0.6,50,100,100,1,38
610,100,10,0.6,50,100,100,1,36
614,100,10,0.6,50,100,100,1,38
619,100,10,0.6,50,100,100,1,29
618,100,10,0.6,50,100,100,1,36
617,100,10,0.6,50,100,100,1,36
616,100,10,0.6,50,100,100,1,35
623,100,10,0.6,50,100,100,1,31
624,100,10,0.6,50,100,100,1,32
622,100,10,0.6,50,100,100,1,35
620,100,10,0.6,50,100,100,1,44
625,100,10,0.6,50,100,100,1,36
627,100,10,0.6,50,100,100,1,34
630,100,10,0.6,50,100,100,1,41
628,100,10,0.6,50,100,100,1,40
633,100,10,0.6,50,100,100,1,31
635,100,10,0.6,50,100,100,1,37
607,100,10,0.6,50,100,100,1,39
632,100,10,0.6,50,100,100,1,36
631,100,10,0.6,50,100,100,1,34
621,100,10,0.6,50,100,100,1,36
636,100,10,0.6,50,100,100,1,38
634,100,10,0.6,50,100,100,1,42
637,100,10,0.6,50,100,100,1,35
639,100,10,0.6,50,100,100,1,28
626,100,10,0.6,50,100,100,1,40
640,100,10,0.6,50,100,100,1,35
638,100,10,0.6,50,100,100,1,37
641,100,10,0.6,50,100,100,1,30
646,100,10,0.6,50,100,100,1,35
642,100,10,0.6,50,100,100,1,35
629,100,10,0.6,50,100,100,1,34
644,100,10,0.6,50,100,100,1,39
647,100,10,0.6,50,100,100,1,35
643,100,10,0.6,50,100,100,1,42
645,100,10,0.6,50,100,100,1,36
650,100,10,0.6,50,100,100,1,32
649,100,10,0.6,50,100,100,1,45
652,100,10,0.6,50,100,100,1,36
654,100,10,0.6,50,100,100,1,33
648,100,10,0.6,50,100,100,1,49
651,100,10,0.6,50,100,100,1,39
653,100,10,0.6,50,100,100,1,39
656,100,10,0.6,50,100,100,1,33
660,100,10,0.6,50,100,100,1,33
658,100,10,0.6,50,100,100,1,35
657,100,10,0.6,50,100,100,1,38
662,100,10,0.6,50,100,100,1,32
661,100,10,0.6,50,100,100,1,37
663,100,10,0.6,50,100,100,1,36
664,100,10,0.6,50,100,100,1,30
665,100,10,0.6,50,100,100,1,32
659,100,10,0.6,50,100,100,1,45
666,100,10,0.6,50,100,100,1,33
655,100,10,0.6,50,100,100,1,40
669,100,10,0.6,50,100,100,1,36
667,100,10,0.6,50,100,100,1,43
672,100,10,0.6,50,100,100,1,35
671,100,10,0.6,50,100,100,1,33
673,100,10,0.6,50,100,100,1,31
675,100,10,0.6,50,100,100,1,32
676,100,10,0.6,50,100,100,1,31
674,100,10,0.6,50,100,100,1,40
670,100,10,0.6,50,100,100,1,35
668,100,10,0.6,50,100,100,1,38
681,100,10,0.6,50,100,100,1,29
679,100,10,0.6,50,100,100,1,44
682,100,10,0.6,50,100,100,1,33
680,100,10,0.6,50,100,100,1,39
686,100,10,0.6,50,100,100,1,29
685,100,10,0.6,50,100,100,1,35
684,100,10,0.6,50,100,100,1,45
687,100,10,0.6,50,100,100,1,33
677,100,10,0.6,50,100,100,1,40
683,100,10,0.6,50,100,100,1,47
688,100,10,0.6,50,100,100,1,30
678,100,10,0.6,50,100,100,1,38
689,100,10,0.6,50,100,100,1,38
690,100,10,0.6,50,100,100,1,37
693,100,10,0.6,50,100,100,1,36
692,100,10,0.6,50,100,100,1,38
694,100,10,0.6,50,100,100,1,38
700,100,10,0.6,50,100,100,1,28
698,100,10,0.6,50,100,100,1,30
691,100,10,0.6,50,100,100,1,39
695,100,10,0.6,50,100,100,1,38
697,100,10,0.6,50,100,100,1,31
699,100,10,0.6,50,100,100,1,42
702,100,10,0.7,50,100,100,1,35
705,100,10,0.7,50,100,100,1,34
701,100,10,0.7,50,100,100,1,41
704,100,10,0.7,50,100,100,1,37
703,100,10,0.7,50,100,100,1,41
706,100,10,0.7,50,100,100,1,56
707,100,10,0.7,50,100,100,1,33
708,100,10,0.7,50,100,100,1,35
709,100,10,0.7,50,100,100,1,38
712,100,10,0.7,50,100,100,1,34
710,100,10,0.7,50,100,100,1,50
714,100,10,0.7,50,100,100,1,34
715,100,10,0.7,50,100,100,1,36
711,100,10,0.7,50,100,100,1,47
696,100,10,0.6,50,100,100,1,32
717,100,10,0.7,50,100,100,1,33
720,100,10,0.7,50,100,100,1,37
718,100,10,0.7,50,100,100,1,35
722,100,10,0.7,50,100,100,1,33
721,100,10,0.7,50,100,100,1,42
719,100,10,0.7,50,100,100,1,45
716,100,10,0.7,50,100,100,1,36
724,100,10,0.7,50,100,100,1,37
726,100,10,0.7,50,100,100,1,38
725,100,10,0.7,50,100,100,1,37
713,100,10,0.7,50,100,100,1,49
728,100,10,0.7,50,100,100,1,35
723,100,10,0.7,50,100,100,1,46
729,100,10,0.7,50,100,100,1,45
730,100,10,0.7,50,100,100,1,32
727,100,10,0.7,50,100,100,1,53
731,100,10,0.7,50,100,100,1,41
732,100,10,0.7,50,100,100,1,46
734,100,10,0.7,50,100,100,1,37
737,100,10,0.7,50,100,100,1,34
735,100,10,0.7,50,100,100,1,52
739,100,10,0.7,50,100,100,1,37
738,100,10,0.7,50,100,100,1,43
742,100,10,0.7,50,100,100,1,35
740,100,10,0.7,50,100,100,1,32
744,100,10,0.7,50,100,100,1,41
741,100,10,0.7,50,100,100,1,38
743,100,10,0.7,50,100,100,1,40
733,100,10,0.7,50,100,100,1,34
746,100,10,0.7,50,100,100,1,36
747,100,10,0.7,50,100,100,1,36
751,100,10,0.7,50,100,100,1,39
736,100,10,0.7,50,100,100,1,44
748,100,10,0.7,50,100,100,1,39
750,100,10,0.7,50,100,100,1,39
749,100,10,0.7,50,100,100,1,41
753,100,10,0.7,50,100,100,1,38
752,100,10,0.7,50,100,100,1,38
756,100,10,0.7,50,100,100,1,39
754,100,10,0.7,50,100,100,1,48
755,100,10,0.7,50,100,100,1,48
757,100,10,0.7,50,100,100,1,40
759,100,10,0.7,50,100,100,1,34
761,100,10,0.7,50,100,100,1,38
760,100,10,0.7,50,100,100,1,42
763,100,10,0.7,50,100,100,1,34
762,100,10,0.7,50,100,100,1,40
765,100,10,0.7,50,100,100,1,34
758,100,10,0.7,50,100,100,1,43
764,100,10,0.7,50,100,100,1,45
766,100,10,0.7,50,100,100,1,35
768,100,10,0.7,50,100,100,1,35
769,100,10,0.7,50,100,100,1,44
770,100,10,0.7,50,100,100,1,32
767,100,10,0.7,50,100,100,1,48
772,100,10,0.7,50,100,100,1,34
771,100,10,0.7,50,100,100,1,32
745,100,10,0.7,50,100,100,1,47
774,100,10,0.7,50,100,100,1,35
773,100,10,0.7,50,100,100,1,37
776,100,10,0.7,50,100,100,1,28
778,100,10,0.7,50,100,100,1,34
780,100,10,0.7,50,100,100,1,34
782,100,10,0.7,50,100,100,1,39
777,100,10,0.7,50,100,100,1,51
775,100,10,0.7,50,100,100,1,54
781,100,10,0.7,50,100,100,1,42
785,100,10,0.7,50,100,100,1,30
779,100,10,0.7,50,100,100,1,43
784,100,10,0.7,50,100,100,1,36
783,100,10,0.7,50,100,100,1,37
787,100,10,0.7,50,100,100,1,31
786,100,10,0.7,50,100,100,1,35
788,100,10,0.7,50,100,100,1,39
789,100,10,0.7,50,100,100,1,42
790,100,10,0.7,50,100,100,1,36
791,100,10,0.7,50,100,100,1,45
792,100,10,0.7,50,100,100,1,30
793,100,10,0.7,50,100,100,1,36
794,100,10,0.7,50,100,100,1,38
795,100,10,0.7,50,100,100,1,37
797,100,10,0.7,50,100,100,1,33
800,100,10,0.7,50,100,100,1,40
796,100,10,0.7,50,100,100,1,44
798,100,10,0.7,50,100,100,1,52
801,100,10,0.8,50,100,100,1,41
802,100,10,0.8,50,100,100,1,47
808,100,10,0.8,50,100,100,1,36
804,100,10,0.8,50,100,100,1,44
799,100,10,0.7,50,100,100,1,51
805,100,10,0.8,50,100,100,1,49
809,100,10,0.8,50,100,100,1,37
807,100,10,0.8,50,100,100,1,48
814,100,10,0.8,50,100,100,1,38
810,100,10,0.8,50,100,100,1,44
811,100,10,0.8,50,100,100,1,49
813,100,10,0.8,50,100,100,1,40
815,100,10,0.8,50,100,100,1,42
812,100,10,0.8,50,100,100,1,48
806,100,10,0.8,50,100,100,1,48
816,100,10,0.8,50,100,100,1,46
803,100,10,0.8,50,100,100,1,41
818,100,10,0.8,50,100,100,1,37
828,100,10,0.8,50,100,100,1,33
821,100,10,0.8,50,100,100,1,37
825,100,10,0.8,50,100,100,1,42
817,100,10,0.8,50,100,100,1,47
826,100,10,0.8,50,100,100,1,40
822,100,10,0.8,50,100,100,1,54
827,100,10,0.8,50,100,100,1,47
824,100,10,0.8,50,100,100,1,44
831,100,10,0.8,50,100,100,1,46
829,100,10,0.8,50,100,100,1,44
830,100,10,0.8,50,100,100,1,39
823,100,10,0.8,50,100,100,1,44
820,100,10,0.8,50,100,100,1,60
832,100,10,0.8,50,100,100,1,46
819,100,10,0.8,50,100,100,1,43
834,100,10,0.8,50,100,100,1,37
835,100,10,0.8,50,100,100,1,49
836,100,10,0.8,50,100,100,1,45
839,100,10,0.8,50,100,100,1,41
838,100,10,0.8,50,100,100,1,48
837,100,10,0.8,50,100,100,1,39
842,100,10,0.8,50,100,100,1,43
841,100,10,0.8,50,100,100,1,49
843,100,10,0.8,50,100,100,1,44
840,100,10,0.8,50,100,100,1,59
845,100,10,0.8,50,100,100,1,38
844,100,10,0.8,50,100,100,1,40
846,100,10,0.8,50,100,100,1,40
849,100,10,0.8,50,100,100,1,36
833,100,10,0.8,50,100,100,1,41
848,100,10,0.8,50,100,100,1,39
847,100,10,0.8,50,100,100,1,46
850,100,10,0.8,50,100,100,1,36
853,100,10,0.8,50,100,100,1,35
855,100,10,0.8,50,100,100,1,35
852,100,10,0.8,50,100,100,1,45
851,100,10,0.8,50,100,100,1,47
856,100,10,0.8,50,100,100,1,39
858,100,10,0.8,50,100,100,1,41
859,100,10,0.8,50,100,100,1,43
857,100,10,0.8,50,100,100,1,47
861,100,10,0.8,50,100,100,1,37
854,100,10,0.8,50,100,100,1,41
862,100,10,0.8,50,100,100,1,45
867,100,10,0.8,50,100,100,1,42
864,100,10,0.8,50,100,100,1,41
865,100,10,0.8,50,100,100,1,43
868,100,10,0.8,50,100,100,1,43
866,100,10,0.8,50,100,100,1,45
869,100,10,0.8,50,100,100,1,42
863,100,10,0.8,50,100,100,1,58
870,100,10,0.8,50,100,100,1,52
874,100,10,0.8,50,100,100,1,35
871,100,10,0.8,50,100,100,1,55
860,100,10,0.8,50,100,100,1,47
872,100,10,0.8,50,100,100,1,44
876,100,10,0.8,50,100,100,1,45
877,100,10,0.8,50,100,100,1,48
875,100,10,0.8,50,100,100,1,51
878,100,10,0.8,50,100,100,1,48
873,100,10,0.8,50,100,100,1,45
881,100,10,0.8,50,100,100,1,50
883,100,10,0.8,50,100,100,1,41
885,100,10,0.8,50,100,100,1,40
879,100,10,0.8,50,100,100,1,48
882,100,10,0.8,50,100,100,1,53
887,100,10,0.8,50,100,100,1,37
889,100,10,0.8,50,100,100,1,47
880,100,10,0.8,50,100,100,1,61
886,100,10,0.8,50,100,100,1,47
888,100,10,0.8,50,100,100,1,54
891,100,10,0.8,50,100,100,1,48
884,100,10,0.8,50,100,100,1,68
893,100,10,0.8,50,100,100,1,47
894,100,10,0.8,50,100,100,1,31
890,100,10,0.8,50,100,100,1,46
897,100,10,0.8,50,100,100,1,39
895,100,10,0.8,50,100,100,1,55
896,100,10,0.8,50,100,100,1,46
892,100,10,0.8,50,100,100,1,48
899,100,10,0.8,50,100,100,1,46
898,100,10,0.8,50,100,100,1,41
900,100,10,0.8,50,100,100,1,47
903,100,10,0.9,50,100,100,1,44
901,100,10,0.9,50,100,100,1,57
905,100,10,0.9,50,100,100,1,43
902,100,10,0.9,50,100,100,1,60
906,100,10,0.9,50,100,100,1,44
907,100,10,0.9,50,100,100,1,53
910,100,10,0.9,50,100,100,1,45
911,100,10,0.9,50,100,100,1,44
912,100,10,0.9,50,100,100,1,45
904,100,10,0.9,50,100,100,1,45
909,100,10,0.9,50,100,100,1,63
914,100,10,0.9,50,100,100,1,47
916,100,10,0.9,50,100,100,1,40
908,100,10,0.9,50,100,100,1,51
917,100,10,0.9,50,100,100,1,36
913,100,10,0.9,50,100,100,1,47
915,100,10,0.9,50,100,100,1,45
918,100,10,0.9,50,100,100,1,55
919,100,10,0.9,50,100,100,1,55
922,100,10,0.9,50,100,100,1,45
924,100,10,0.9,50,100,100,1,45
923,100,10,0.9,50,100,100,1,55
920,100,10,0.9,50,100,100,1,56
925,100,10,0.9,50,100,100,1,49
929,100,10,0.9,50,100,100,1,48
921,100,10,0.9,50,100,100,1,49
926,100,10,0.9,50,100,100,1,48
928,100,10,0.9,50,100,100,1,52
930,100,10,0.9,50,100,100,1,50
931,100,10,0.9,50,100,100,1,55
933,100,10,0.9,50,100,100,1,37
935,100,10,0.9,50,100,100,1,47
934,100,10,0.9,50,100,100,1,46
936,100,10,0.9,50,100,100,1,41
937,100,10,0.9,50,100,100,1,39
927,100,10,0.9,50,100,100,1,54
939,100,10,0.9,50,100,100,1,38
932,100,10,0.9,50,100,100,1,55
938,100,10,0.9,50,100,100,1,52
940,100,10,0.9,50,100,100,1,54
941,100,10,0.9,50,100,100,1,52
944,100,10,0.9,50,100,100,1,48
949,100,10,0.9,50,100,100,1,39
942,100,10,0.9,50,100,100,1,56
946,100,10,0.9,50,100,100,1,50
948,100,10,0.9,50,100,100,1,44
951,100,10,0.9,50,100,100,1,46
950,100,10,0.9,50,100,100,1,49
952,100,10,0.9,50,100,100,1,37
955,100,10,0.9,50,100,100,1,37
943,100,10,0.9,50,100,100,1,59
954,100,10,0.9,50,100,100,1,52
945,100,10,0.9,50,100,100,1,44
956,100,10,0.9,50,100,100,1,44
947,100,10,0.9,50,100,100,1,44
958,100,10,0.9,50,100,100,1,51
953,100,10,0.9,50,100,100,1,88
960,100,10,0.9,50,100,100,1,47
962,100,10,0.9,50,100,100,1,42
959,100,10,0.9,50,100,100,1,53
963,100,10,0.9,50,100,100,1,49
957,100,10,0.9,50,100,100,1,59
961,100,10,0.9,50,100,100,1,54
965,100,10,0.9,50,100,100,1,41
964,100,10,0.9,50,100,100,1,54
966,100,10,0.9,50,100,100,1,52
969,100,10,0.9,50,100,100,1,45
970,100,10,0.9,50,100,100,1,42
967,100,10,0.9,50,100,100,1,56
971,100,10,0.9,50,100,100,1,49
976,100,10,0.9,50,100,100,1,41
972,100,10,0.9,50,100,100,1,44
977,100,10,0.9,50,100,100,1,50
973,100,10,0.9,50,100,100,1,55
968,100,10,0.9,50,100,100,1,51
978,100,10,0.9,50,100,100,1,49
981,100,10,0.9,50,100,100,1,60
974,100,10,0.9,50,100,100,1,51
975,100,10,0.9,50,100,100,1,86
979,100,10,0.9,50,100,100,1,59
980,100,10,0.9,50,100,100,1,50
982,100,10,0.9,50,100,100,1,57
983,100,10,0.9,50,100,100,1,44
984,100,10,0.9,50,100,100,1,46
988,100,10,0.9,50,100,100,1,37
985,100,10,0.9,50,100,100,1,52
987,100,10,0.9,50,100,100,1,46
989,100,10,0.9,50,100,100,1,50
990,100,10,0.9,50,100,100,1,48
986,100,10,0.9,50,100,100,1,51
991,100,10,0.9,50,100,100,1,42
995,100,10,0.9,50,100,100,1,40
992,100,10,0.9,50,100,100,1,49
994,100,10,0.9,50,100,100,1,42
996,100,10,0.9,50,100,100,1,44
993,100,10,0.9,50,100,100,1,60
998,100,10,0.9,50,100,100,1,51
997,100,10,0.9,50,100,100,1,49
1000,100,10,0.9,50,100,100,1,43
1003,100,10,1,50,100,100,1,42
1001,100,10,1,50,100,100,1,49
1002,100,10,1,50,100,100,1,44
1004,100,10,1,50,100,100,1,59
999,100,10,0.9,50,100,100,1,53
1008,100,10,1,50,100,100,1,48
1005,100,10,1,50,100,100,1,49
1013,100,10,1,50,100,100,1,45
1006,100,10,1,50,100,100,1,60
1009,100,10,1,50,100,100,1,60
1010,100,10,1,50,100,100,1,51
1012,100,10,1,50,100,100,1,58
1007,100,10,1,50,100,100,1,62
1011,100,10,1,50,100,100,1,67
1015,100,10,1,50,100,100,1,54
1017,100,10,1,50,100,100,1,53
1019,100,10,1,50,100,100,1,48
1016,100,10,1,50,100,100,1,67
1018,100,10,1,50,100,100,1,47
1021,100,10,1,50,100,100,1,48
1027,100,10,1,50,100,100,1,41
1023,100,10,1,50,100,100,1,47
1014,100,10,1,50,100,100,1,58
1020,100,10,1,50,100,100,1,67
1026,100,10,1,50,100,100,1,52
1025,100,10,1,50,100,100,1,55
1022,100,10,1,50,100,100,1,66
1028,100,10,1,50,100,100,1,48
1029,100,10,1,50,100,100,1,45
1024,100,10,1,50,100,100,1,48
1030,100,10,1,50,100,100,1,46
1032,100,10,1,50,100,100,1,54
1034,100,10,1,50,100,100,1,47
1033,100,10,1,50,100,100,1,48
1036,100,10,1,50,100,100,1,46
1031,100,10,1,50,100,100,1,64
1035,100,10,1,50,100,100,1,56
1037,100,10,1,50,100,100,1,71
1038,100,10,1,50,100,100,1,56
1041,100,10,1,50,100,100,1,50
1042,100,10,1,50,100,100,1,43
1043,100,10,1,50,100,100,1,47
1045,100,10,1,50,100,100,1,48
1044,100,10,1,50,100,100,1,48
1046,100,10,1,50,100,100,1,61
1039,100,10,1,50,100,100,1,62
1047,100,10,1,50,100,100,1,56
1049,100,10,1,50,100,100,1,54
1050,100,10,1,50,100,100,1,47
1051,100,10,1,50,100,100,1,46
1052,100,10,1,50,100,100,1,50
1040,100,10,1,50,100,100,1,55
1053,100,10,1,50,100,100,1,62
1048,100,10,1,50,100,100,1,65
1056,100,10,1,50,100,100,1,56
1055,100,10,1,50,100,100,1,73
1054,100,10,1,50,100,100,1,49
1059,100,10,1,50,100,100,1,58
1063,100,10,1,50,100,100,1,49
1062,100,10,1,50,100,100,1,59
1057,100,10,1,50,100,100,1,55
1060,100,10,1,50,100,100,1,56
1066,100,10,1,50,100,100,1,50
1061,100,10,1,50,100,100,1,53
1064,100,10,1,50,100,100,1,56
1058,100,10,1,50,100,100,1,59
1067,100,10,1,50,100,100,1,44
1065,100,10,1,50,100,100,1,71
1068,100,10,1,50,100,100,1,53
1075,100,10,1,50,100,100,1,52
1074,100,10,1,50,100,100,1,48
1078,100,10,1,50,100,100,1,43
1072,100,10,1,50,100,100,1,49
1073,100,10,1,50,100,100,1,53
1069,100,10,1,50,100,100,1,53
1070,100,10,1,50,100,100,1,56
1071,100,10,1,50,100,100,1,74
1079,100,10,1,50,100,100,1,45
1077,100,10,1,50,100,100,1,54
1076,100,10,1,50,100,100,1,51
1080,100,10,1,50,100,100,1,62
1083,100,10,1,50,100,100,1,55
1081,100,10,1,50,100,100,1,64
1082,100,10,1,50,100,100,1,42
1085,100,10,1,50,100,100,1,44
1086,100,10,1,50,100,100,1,51
1089,100,10,1,50,100,100,1,41
1084,100,10,1,50,100,100,1,77
1087,100,10,1,50,100,100,1,60
1091,100,10,1,50,100,100,1,53
1096,100,10,1,50,100,100,1,49
1093,100,10,1,50,100,100,1,50
1095,100,10,1,50,100,100,1,45
1094,100,10,1,50,100,100,1,52
1092,100,10,1,50,100,100,1,52
1098,100,10,1,50,100,100,1,44
1097,100,10,1,50,100,100,1,52
1088,100,10,1,50,100,100,1,53
1090,100,10,1,50,100,100,1,61
1099,100,10,1,50,100,100,1,65
1101,100,10,1.1,50,100,100,1,48
1100,100,10,1,50,100,100,1,58
1102,100,10,1.1,50,100,100,1,58
1103,100,10,1.1,50,100,100,1,73
1104,100,10,1.1,50,100,100,1,63
1106,100,10,1.1,50,100,100,1,58
1107,100,10,1.1,50,100,100,1,55
1105,100,10,1.1,50,100,100,1,64
1108,100,10,1.1,50,100,100,1,61
1110,100,10,1.1,50,100,100,1,64
1109,100,10,1.1,50,100,100,1,71
1112,100,10,1.1,50,100,100,1,72
1116,100,10,1.1,50,100,100,1,58
1111,100,10,1.1,50,100,100,1,60
1117,100,10,1.1,50,100,100,1,68
1113,100,10,1.1,50,100,100,1,61
1114,100,10,1.1,50,100,100,1,64
1115,100,10,1.1,50,100,100,1,57
1119,100,10,1.1,50,100,100,1,71
1120,100,10,1.1,50,100,100,1,61
1121,100,10,1.1,50,100,100,1,52
1118,100,10,1.1,50,100,100,1,76
1122,100,10,1.1,50,100,100,1,55
1126,100,10,1.1,50,100,100,1,57
1124,100,10,1.1,50,100,100,1,59
1125,100,10,1.1,50,100,100,1,58
1123,100,10,1.1,50,100,100,1,75
1130,100,10,1.1,50,100,100,1,59
1128,100,10,1.1,50,100,100,1,57
1127,100,10,1.1,50,100,100,1,68
1134,100,10,1.1,50,100,100,1,55
1129,100,10,1.1,50,100,100,1,66
1131,100,10,1.1,50,100,100,1,54
1136,100,10,1.1,50,100,100,1,54
1133,100,10,1.1,50,100,100,1,62
1138,100,10,1.1,50,100,100,1,53
1135,100,10,1.1,50,100,100,1,68
1137,100,10,1.1,50,100,100,1,57
1142,100,10,1.1,50,100,100,1,50
1139,100,10,1.1,50,100,100,1,65
1141,100,10,1.1,50,100,100,1,66
1132,100,10,1.1,50,100,100,1,57
1143,100,10,1.1,50,100,100,1,55
1144,100,10,1.1,50,100,100,1,63
1140,100,10,1.1,50,100,100,1,75
1146,100,10,1.1,50,100,100,1,55
1145,100,10,1.1,50,100,100,1,63
1149,100,10,1.1,50,100,100,1,54
1150,100,10,1.1,50,100,100,1,53
1148,100,10,1.1,50,100,100,1,61
1153,100,10,1.1,50,100,100,1,51
1151,100,10,1.1,50,100,100,1,61
1152,100,10,1.1,50,100,100,1,69
1155,100,10,1.1,50,100,100,1,56
1154,100,10,1.1,50,100,100,1,56
1147,100,10,1.1,50,100,100,1,66
1156,100,10,1.1,50,100,100,1,59
1158,100,10,1.1,50,100,100,1,76
1161,100,10,1.1,50,100,100,1,66
1159,100,10,1.1,50,100,100,1,73
1157,100,10,1.1,50,100,100,1,56
1162,100,10,1.1,50,100,100,1,56
1163,100,10,1.1,50,100,100,1,69
1160,100,10,1.1,50,100,100,1,58
1164,100,10,1.1,50,100,100,1,66
1168,100,10,1.1,50,100,100,1,54
1169,100,10,1.1,50,100,100,1,50
1165,100,10,1.1,50,100,100,1,61
1166,100,10,1.1,50,100,100,1,71
1170,100,10,1.1,50,100,100,1,51
1172,100,10,1.1,50,100,100,1,60
1167,100,10,1.1,50,100,100,1,71
1173,100,10,1.1,50,100,100,1,68
1175,100,10,1.1,50,100,100,1,55
1171,100,10,1.1,50,100,100,1,75
1174,100,10,1.1,50,100,100,1,87
1176,100,10,1.1,50,100,100,1,59
1177,100,10,1.1,50,100,100,1,77
1181,100,10,1.1,50,100,100,1,64
1179,100,10,1.1,50,100,100,1,61
1178,100,10,1.1,50,100,100,1,87
1182,100,10,1.1,50,100,100,1,57
1183,100,10,1.1,50,100,100,1,57
1180,100,10,1.1,50,100,100,1,54
1184,100,10,1.1,50,100,100,1,64
1187,100,10,1.1,50,100,100,1,54
1186,100,10,1.1,50,100,100,1,61
1188,100,10,1.1,50,100,100,1,66
1185,100,10,1.1,50,100,100,1,74
1191,100,10,1.1,50,100,100,1,48
1189,100,10,1.1,50,100,100,1,65
1192,100,10,1.1,50,100,100,1,59
1193,100,10,1.1,50,100,100,1,49
1194,100,10,1.1,50,100,100,1,53
1196,100,10,1.1,50,100,100,1,56
1190,100,10,1.1,50,100,100,1,69
1198,100,10,1.1,50,100,100,1,51
1199,100,10,1.1,50,100,100,1,59
1195,100,10,1.1,50,100,100,1,70
1197,100,10,1.1,50,100,100,1,72
1200,100,10,1.1,50,100,100,1,60
1201,100,10,1.2,50,100,100,1,70
1203,100,10,1.2,50,100,100,1,83
1205,100,10,1.2,50,100,100,1,60
1204,100,10,1.2,50,100,100,1,72
1202,100,10,1.2,50,100,100,1,72
1209,100,10,1.2,50,100,100,1,56
1206,100,10,1.2,50,100,100,1,85
1207,100,10,1.2,50,100,100,1,76
1208,100,10,1.2,50,100,100,1,70
1210,100,10,1.2,50,100,100,1,81
1211,100,10,1.2,50,100,100,1,72
1214,100,10,1.2,50,100,100,1,59
1213,100,10,1.2,50,100,100,1,70
1216,100,10,1.2,50,100,100,1,71
1218,100,10,1.2,50,100,100,1,79
1212,100,10,1.2,50,100,100,1,75
1217,100,10,1.2,50,100,100,1,62
1219,100,10,1.2,50,100,100,1,69
1220,100,10,1.2,50,100,100,1,64
1215,100,10,1.2,50,100,100,1,99
1221,100,10,1.2,50,100,100,1,74
1226,100,10,1.2,50,100,100,1,61
1222,100,10,1.2,50,100,100,1,83
1223,100,10,1.2,50,100,100,1,82
1225,100,10,1.2,50,100,100,1,72
1231,100,10,1.2,50,100,100,1,58
1224,100,10,1.2,50,100,100,1,74
1227,100,10,1.2,50,100,100,1,83
1229,100,10,1.2,50,100,100,1,67
1228,100,10,1.2,50,100,100,1,70
1230,100,10,1.2,50,100,100,1,77
1234,100,10,1.2,50,100,100,1,65
1233,100,10,1.2,50,100,100,1,65
1235,100,10,1.2,50,100,100,1,79
1237,100,10,1.2,50,100,100,1,76
1232,100,10,1.2,50,100,100,1,74
1236,100,10,1.2,50,100,100,1,82
1240,100,10,1.2,50,100,100,1,68
1238,100,10,1.2,50,100,100,1,90
1239,100,10,1.2,50,100,100,1,89
1241,100,10,1.2,50,100,100,1,72
1242,100,10,1.2,50,100,100,1,78
1243,100,10,1.2,50,100,100,1,70
1246,100,10,1.2,50,100,100,1,74
1247,100,10,1.2,50,100,100,1,62
1248,100,10,1.2,50,100,100,1,73
1244,100,10,1.2,50,100,100,1,70
1251,100,10,1.2,50,100,100,1,61
1253,100,10,1.2,50,100,100,1,67
1249,100,10,1.2,50,100,100,1,66
1245,100,10,1.2,50,100,100,1,78
1252,100,10,1.2,50,100,100,1,82
1250,100,10,1.2,50,100,100,1,88
1254,100,10,1.2,50,100,100,1,76
1257,100,10,1.2,50,100,100,1,66
1258,100,10,1.2,50,100,100,1,58
1255,100,10,1.2,50,100,100,1,78
1256,100,10,1.2,50,100,100,1,82
1261,100,10,1.2,50,100,100,1,58
1262,100,10,1.2,50,100,100,1,80
1259,100,10,1.2,50,100,100,1,70
1260,100,10,1.2,50,100,100,1,74
1264,100,10,1.2,50,100,100,1,72
1265,100,10,1.2,50,100,100,1,65
1267,100,10,1.2,50,100,100,1,59
1269,100,10,1.2,50,100,100,1,60
1271,100,10,1.2,50,100,100,1,64
1273,100,10,1.2,50,100,100,1,62
1266,100,10,1.2,50,100,100,1,94
1270,100,10,1.2,50,100,100,1,74
1268,100,10,1.2,50,100,100,1,72
1263,100,10,1.2,50,100,100,1,75
1274,100,10,1.2,50,100,100,1,79
1272,100,10,1.2,50,100,100,1,98
1277,100,10,1.2,50,100,100,1,66
1275,100,10,1.2,50,100,100,1,74
1276,100,10,1.2,50,100,100,1,86
1278,100,10,1.2,50,100,100,1,65
1284,100,10,1.2,50,100,100,1,57
1280,100,10,1.2,50,100,100,1,73
1283,100,10,1.2,50,100,100,1,64
1279,100,10,1.2,50,100,100,1,68
1281,100,10,1.2,50,100,100,1,75
1286,100,10,1.2,50,100,100,1,62
1282,100,10,1.2,50,100,100,1,58
1285,100,10,1.2,50,100,100,1,59
1290,100,10,1.2,50,100,100,1,70
1288,100,10,1.2,50,100,100,1,70
1287,100,10,1.2,50,100,100,1,81
1289,100,10,1.2,50,100,100,1,74
1293,100,10,1.2,50,100,100,1,61
1292,100,10,1.2,50,100,100,1,70
1295,100,10,1.2,50,100,100,1,61
1297,100,10,1.2,50,100,100,1,63
1296,100,10,1.2,50,100,100,1,72
1291,100,10,1.2,50,100,100,1,83
1298,100,10,1.2,50,100,100,1,82
1300,100,10,1.2,50,100,100,1,69
1294,100,10,1.2,50,100,100,1,69
1299,100,10,1.2,50,100,100,1,66
1302,100,10,1.3,50,100,100,1,88
1301,100,10,1.3,50,100,100,1,105
1303,100,10,1.3,50,100,100,1,96
1307,100,10,1.3,50,100,100,1,67
1309,100,10,1.3,50,100,100,1,69
1306,100,10,1.3,50,100,100,1,95
1308,100,10,1.3,50,100,100,1,82
1314,100,10,1.3,50,100,100,1,68
1304,100,10,1.3,50,100,100,1,83
1310,100,10,1.3,50,100,100,1,94
1313,100,10,1.3,50,100,100,1,78
1311,100,10,1.3,50,100,100,1,107
1319,100,10,1.3,50,100,100,1,85
1305,100,10,1.3,50,100,100,1,98
1317,100,10,1.3,50,100,100,1,67
1320,100,10,1.3,50,100,100,1,91
1321,100,10,1.3,50,100,100,1,88
1315,100,10,1.3,50,100,100,1,97
1318,100,10,1.3,50,100,100,1,82
1322,100,10,1.3,50,100,100,1,92
1312,100,10,1.3,50,100,100,1,98
1324,100,10,1.3,50,100,100,1,83
1323,100,10,1.3,50,100,100,1,78
1326,100,10,1.3,50,100,100,1,73
1316,100,10,1.3,50,100,100,1,103
1328,100,10,1.3,50,100,100,1,75
1329,100,10,1.3,50,100,100,1,66
1327,100,10,1.3,50,100,100,1,89
1332,100,10,1.3,50,100,100,1,73
1333,100,10,1.3,50,100,100,1,69
1325,100,10,1.3,50,100,100,1,80
1334,100,10,1.3,50,100,100,1,66
1336,100,10,1.3,50,100,100,1,82
1338,100,10,1.3,50,100,100,1,75
1335,100,10,1.3,50,100,100,1,64
1339,100,10,1.3,50,100,100,1,68
1331,100,10,1.3,50,100,100,1,82
1330,100,10,1.3,50,100,100,1,99
1337,100,10,1.3,50,100,100,1,64
1343,100,10,1.3,50,100,100,1,81
1340,100,10,1.3,50,100,100,1,82
1344,100,10,1.3,50,100,100,1,67
1341,100,10,1.3,50,100,100,1,86
1342,100,10,1.3,50,100,100,1,80
1346,100,10,1.3,50,100,100,1,91
1345,100,10,1.3,50,100,100,1,94
1349,100,10,1.3,50,100,100,1,73
1350,100,10,1.3,50,100,100,1,94
1351,100,10,1.3,50,100,100,1,76
1352,100,10,1.3,50,100,100,1,88
1347,100,10,1.3,50,100,100,1,95
1353,100,10,1.3,50,100,100,1,82
1356,100,10,1.3,50,100,100,1,85
1355,100,10,1.3,50,100,100,1,71
1348,100,10,1.3,50,100,100,1,85
1354,100,10,1.3,50,100,100,1,71
1357,100,10,1.3,50,100,100,1,101
1361,100,10,1.3,50,100,100,1,75
1359,100,10,1.3,50,100,100,1,88
1358,100,10,1.3,50,100,100,1,114
1360,100,10,1.3,50,100,100,1,101
1362,100,10,1.3,50,100,100,1,93
1363,100,10,1.3,50,100,100,1,88
1369,100,10,1.3,50,100,100,1,77
1367,100,10,1.3,50,100,100,1,75
1366,100,10,1.3,50,100,100,1,98
1371,100,10,1.3,50,100,100,1,62
1364,100,10,1.3,50,100,100,1,115
1365,100,10,1.3,50,100,100,1,86
1368,100,10,1.3,50,100,100,1,97
1370,100,10,1.3,50,100,100,1,67
1373,100,10,1.3,50,100,100,1,76
1372,100,10,1.3,50,100,100,1,68
1374,100,10,1.3,50,100,100,1,94
1375,100,10,1.3,50,100,100,1,82
1376,100,10,1.3,50,100,100,1,79
1377,100,10,1.3,50,100,100,1,73
1379,100,10,1.3,50,100,100,1,85
1378,100,10,1.3,50,100,100,1,87
1380,100,10,1.3,50,100,100,1,90
1382,100,10,1.3,50,100,100,1,65
1381,100,10,1.3,50,100,100,1,69
1384,100,10,1.3,50,100,100,1,71
1386,100,10,1.3,50,100,100,1,81
1385,100,10,1.3,50,100,100,1,84
1383,100,10,1.3,50,100,100,1,104
1390,100,10,1.3,50,100,100,1,82
1388,100,10,1.3,50,100,100,1,88
1389,100,10,1.3,50,100,100,1,77
1387,100,10,1.3,50,100,100,1,87
1391,100,10,1.3,50,100,100,1,89
1392,100,10,1.3,50,100,100,1,77
1394,100,10,1.3,50,100,100,1,83
1396,100,10,1.3,50,100,100,1,72
1397,100,10,1.3,50,100,100,1,69
1393,100,10,1.3,50,100,100,1,90
1395,100,10,1.3,50,100,100,1,86
1399,100,10,1.3,50,100,100,1,87
1398,100,10,1.3,50,100,100,1,81
1403,100,10,1.4,50,100,100,1,87
1400,100,10,1.3,50,100,100,1,97
1406,100,10,1.4,50,100,100,1,89
1407,100,10,1.4,50,100,100,1,90
1402,100,10,1.4,50,100,100,1,92
1405,100,10,1.4,50,100,100,1,112
1410,100,10,1.4,50,100,100,1,93
1404,100,10,1.4,50,100,100,1,111
1409,100,10,1.4,50,100,100,1,103
1408,100,10,1.4,50,100,100,1,121
1412,100,10,1.4,50,100,100,1,88
1411,100,10,1.4,50,100,100,1,105
1401,100,10,1.4,50,100,100,1,124
1414,100,10,1.4,50,100,100,1,100
1413,100,10,1.4,50,100,100,1,132
1416,100,10,1.4,50,100,100,1,87
1415,100,10,1.4,50,100,100,1,98
1422,100,10,1.4,50,100,100,1,83
1418,100,10,1.4,50,100,100,1,96
1420,100,10,1.4,50,100,100,1,78
1426,100,10,1.4,50,100,100,1,76
1419,100,10,1.4,50,100,100,1,106
1424,100,10,1.4,50,100,100,1,104
1429,100,10,1.4,50,100,100,1,72
1421,100,10,1.4,50,100,100,1,98
1427,100,10,1.4,50,100,100,1,89
1425,100,10,1.4,50,100,100,1,97
1423,100,10,1.4,50,100,100,1,110
1417,100,10,1.4,50,100,100,1,124
1431,100,10,1.4,50,100,100,1,104
1428,100,10,1.4,50,100,100,1,98
1433,100,10,1.4,50,100,100,1,102
1430,100,10,1.4,50,100,100,1,148
1436,100,10,1.4,50,100,100,1,73
1438,100,10,1.4,50,100,100,1,98
1441,100,10,1.4,50,100,100,1,82
1432,100,10,1.4,50,100,100,1,110
1439,100,10,1.4,50,100,100,1,90
1437,100,10,1.4,50,100,100,1,86
1434,100,10,1.4,50,100,100,1,94
1443,100,10,1.4,50,100,100,1,93
1435,100,10,1.4,50,100,100,1,81
1442,100,10,1.4,50,100,100,1,100
1444,100,10,1.4,50,100,100,1,102
1445,100,10,1.4,50,100,100,1,119
1446,100,10,1.4,50,100,100,1,105
1447,100,10,1.4,50,100,100,1,79
1440,100,10,1.4,50,100,100,1,117
1448,100,10,1.4,50,100,100,1,102
1449,100,10,1.4,50,100,100,1,84
1453,100,10,1.4,50,100,100,1,95
1451,100,10,1.4,50,100,100,1,103
1455,100,10,1.4,50,100,100,1,78
1454,100,10,1.4,50,100,100,1,111
1456,100,10,1.4,50,100,100,1,88
1450,100,10,1.4,50,100,100,1,136
1457,100,10,1.4,50,100,100,1,79
1452,100,10,1.4,50,100,100,1,103
1458,100,10,1.4,50,100,100,1,114
1460,100,10,1.4,50,100,100,1,109
1459,100,10,1.4,50,100,100,1,97
1462,100,10,1.4,50,100,100,1,108
1461,100,10,1.4,50,100,100,1,97
1463,100,10,1.4,50,100,100,1,95
1464,100,10,1.4,50,100,100,1,120
1465,100,10,1.4,50,100,100,1,118
1469,100,10,1.4,50,100,100,1,78
1466,100,10,1.4,50,100,100,1,115
1471,100,10,1.4,50,100,100,1,113
1467,100,10,1.4,50,100,100,1,106
1472,100,10,1.4,50,100,100,1,91
1470,100,10,1.4,50,100,100,1,109
1477,100,10,1.4,50,100,100,1,91
1468,100,10,1.4,50,100,100,1,104
1473,100,10,1.4,50,100,100,1,105
1475,100,10,1.4,50,100,100,1,124
1474,100,10,1.4,50,100,100,1,109
1478,100,10,1.4,50,100,100,1,95
1476,100,10,1.4,50,100,100,1,121
1481,100,10,1.4,50,100,100,1,86
1479,100,10,1.4,50,100,100,1,93
1483,100,10,1.4,50,100,100,1,86
1482,100,10,1.4,50,100,100,1,100
1484,100,10,1.4,50,100,100,1,84
1485,100,10,1.4,50,100,100,1,78
1480,100,10,1.4,50,100,100,1,117
1488,100,10,1.4,50,100,100,1,90
1486,100,10,1.4,50,100,100,1,120
1492,100,10,1.4,50,100,100,1,81
1487,100,10,1.4,50,100,100,1,125
1491,100,10,1.4,50,100,100,1,113
1490,100,10,1.4,50,100,100,1,103
1489,100,10,1.4,50,100,100,1,96
1494,100,10,1.4,50,100,100,1,84
1496,100,10,1.4,50,100,100,1,85
1493,100,10,1.4,50,100,100,1,119
1495,100,10,1.4,50,100,100,1,97
1497,100,10,1.4,50,100,100,1,84
1500,100,10,1.4,50,100,100,1,77
1499,100,10,1.4,50,100,100,1,104
1502,100,10,1.5,50,100,100,1,115
1498,100,10,1.4,50,100,100,1,125
1501,100,10,1.5,50,100,100,1,163
1504,100,10,1.5,50,100,100,1,108
1506,100,10,1.5,50,100,100,1,127
1510,100,10,1.5,50,100,100,1,99
1514,100,10,1.5,50,100,100,1,94
1503,100,10,1.5,50,100,100,1,130
1505,100,10,1.5,50,100,100,1,136
1513,100,10,1.5,50,100,100,1,116
1507,100,10,1.5,50,100,100,1,110
1511,100,10,1.5,50,100,100,1,123
1509,100,10,1.5,50,100,100,1,124
1512,100,10,1.5,50,100,100,1,128
1515,100,10,1.5,50,100,100,1,126
1516,100,10,1.5,50,100,100,1,106
1508,100,10,1.5,50,100,100,1,161
1517,100,10,1.5,50,100,100,1,101
1518,100,10,1.5,50,100,100,1,96
1519,100,10,1.5,50,100,100,1,111
1522,100,10,1.5,50,100,100,1,98
1520,100,10,1.5,50,100,100,1,146
1525,100,10,1.5,50,100,100,1,123
1528,100,10,1.5,50,100,100,1,104
1524,100,10,1.5,50,100,100,1,141
1523,100,10,1.5,50,100,100,1,127
1527,100,10,1.5,50,100,100,1,117
1526,100,10,1.5,50,100,100,1,105
1530,100,10,1.5,50,100,100,1,135
1521,100,10,1.5,50,100,100,1,141
1531,100,10,1.5,50,100,100,1,136
1529,100,10,1.5,50,100,100,1,138
1534,100,10,1.5,50,100,100,1,106
1533,100,10,1.5,50,100,100,1,112
1532,100,10,1.5,50,100,100,1,143
1535,100,10,1.5,50,100,100,1,104
1536,100,10,1.5,50,100,100,1,107
1538,100,10,1.5,50,100,100,1,106
1537,100,10,1.5,50,100,100,1,148
1541,100,10,1.5,50,100,100,1,97
1540,100,10,1.5,50,100,100,1,115
1546,100,10,1.5,50,100,100,1,104
1544,100,10,1.5,50,100,100,1,107
1539,100,10,1.5,50,100,100,1,125
1543,100,10,1.5,50,100,100,1,127
1542,100,10,1.5,50,100,100,1,121
1547,100,10,1.5,50,100,100,1,112
1548,100,10,1.5,50,100,100,1,115
1545,100,10,1.5,50,100,100,1,116
1549,100,10,1.5,50,100,100,1,121
1550,100,10,1.5,50,100,100,1,104
1552,100,10,1.5,50,100,100,1,101
1554,100,10,1.5,50,100,100,1,114
1551,100,10,1.5,50,100,100,1,123
1553,100,10,1.5,50,100,100,1,115
1557,100,10,1.5,50,100,100,1,114
1558,100,10,1.5,50,100,100,1,117
1559,100,10,1.5,50,100,100,1,100
1560,100,10,1.5,50,100,100,1,93
1563,100,10,1.5,50,100,100,1,112
1555,100,10,1.5,50,100,100,1,133
1561,100,10,1.5,50,100,100,1,100
1556,100,10,1.5,50,100,100,1,149
1562,100,10,1.5,50,100,100,1,115
1568,100,10,1.5,50,100,100,1,92
1570,100,10,1.5,50,100,100,1,103
1567,100,10,1.5,50,100,100,1,118
1564,100,10,1.5,50,100,100,1,123
1571,100,10,1.5,50,100,100,1,106
1569,100,10,1.5,50,100,100,1,124
1566,100,10,1.5,50,100,100,1,124
1565,100,10,1.5,50,100,100,1,104
1572,100,10,1.5,50,100,100,1,113
1573,100,10,1.5,50,100,100,1,92
1579,100,10,1.5,50,100,100,1,105
1577,100,10,1.5,50,100,100,1,98
1575,100,10,1.5,50,100,100,1,129
1576,100,10,1.5,50,100,100,1,113
1578,100,10,1.5,50,100,100,1,137
1574,100,10,1.5,50,100,100,1,128
1584,100,10,1.5,50,100,100,1,120
1582,100,10,1.5,50,100,100,1,102
1580,100,10,1.5,50,100,100,1,144
1586,100,10,1.5,50,100,100,1,104
1581,100,10,1.5,50,100,100,1,173
1587,100,10,1.5,50,100,100,1,124
1585,100,10,1.5,50,100,100,1,167
1583,100,10,1.5,50,100,100,1,134
1588,100,10,1.5,50,100,100,1,120
1592,100,10,1.5,50,100,100,1,113
1591,100,10,1.5,50,100,100,1,106
1590,100,10,1.5,50,100,100,1,126
1589,100,10,1.5,50,100,100,1,114
1594,100,10,1.5,50,100,100,1,96
1596,100,10,1.5,50,100,100,1,109
1595,100,10,1.5,50,100,100,1,100
1593,100,10,1.5,50,100,100,1,134
1597,100,10,1.5,50,100,100,1,116
1598,100,10,1.5,50,100,100,1,116
1599,100,10,1.5,50,100,100,1,105
1600,100,10,1.5,50,100,100,1,135
1604,100,10,1.6,50,100,100,1,128
1602,100,10,1.6,50,100,100,1,132
1601,100,10,1.6,50,100,100,1,134
1608,100,10,1.6,50,100,100,1,113
1605,100,10,1.6,50,100,100,1,152
1603,100,10,1.6,50,100,100,1,161
1609,100,10,1.6,50,100,100,1,136
1607,100,10,1.6,50,100,100,1,191
1606,100,10,1.6,50,100,100,1,155
1613,100,10,1.6,50,100,100,1,120
1610,100,10,1.6,50,100,100,1,157
1614,100,10,1.6,50,100,100,1,134
1611,100,10,1.6,50,100,100,1,154
1612,100,10,1.6,50,100,100,1,122
1616,100,10,1.6,50,100,100,1,174
1617,100,10,1.6,50,100,100,1,171
1618,100,10,1.6,50,100,100,1,152
1615,100,10,1.6,50,100,100,1,146
1627,100,10,1.6,50,100,100,1,127
1621,100,10,1.6,50,100,100,1,149
1620,100,10,1.6,50,100,100,1,118
1628,100,10,1.6,50,100,100,1,117
1619,100,10,1.6,50,100,100,1,162
1624,100,10,1.6,50,100,100,1,153
1623,100,10,1.6,50,100,100,1,132
1622,100,10,1.6,50,100,100,1,161
1626,100,10,1.6,50,100,100,1,177
1633,100,10,1.6,50,100,100,1,138
1632,100,10,1.6,50,100,100,1,143
1631,100,10,1.6,50,100,100,1,135
1629,100,10,1.6,50,100,100,1,125
1625,100,10,1.6,50,100,100,1,232
1630,100,10,1.6,50,100,100,1,149
1635,100,10,1.6,50,100,100,1,151
1634,100,10,1.6,50,100,100,1,122
1638,100,10,1.6,50,100,100,1,150
1636,100,10,1.6,50,100,100,1,155
1640,100,10,1.6,50,100,100,1,120
1641,100,10,1.6,50,100,100,1,110
1639,100,10,1.6,50,100,100,1,118
1637,100,10,1.6,50,100,100,1,134
1645,100,10,1.6,50,100,100,1,138
1644,100,10,1.6,50,100,100,1,118
1643,100,10,1.6,50,100,100,1,149
1642,100,10,1.6,50,100,100,1,148
1648,100,10,1.6,50,100,100,1,154
1646,100,10,1.6,50,100,100,1,149
1653,100,10,1.6,50,100,100,1,121
1650,100,10,1.6,50,100,100,1,190
1652,100,10,1.6,50,100,100,1,158
1655,100,10,1.6,50,100,100,1,128
1647,100,10,1.6,50,100,100,1,168
1651,100,10,1.6,50,100,100,1,141
1649,100,10,1.6,50,100,100,1,146
1656,100,10,1.6,50,100,100,1,132
1654,100,10,1.6,50,100,100,1,160
1659,100,10,1.6,50,100,100,1,114
1657,100,10,1.6,50,100,100,1,165
1658,100,10,1.6,50,100,100,1,134
1661,100,10,1.6,50,100,100,1,138
1660,100,10,1.6,50,100,100,1,156
1664,100,10,1.6,50,100,100,1,112
1662,100,10,1.6,50,100,100,1,116
1663,100,10,1.6,50,100,100,1,126
1665,100,10,1.6,50,100,100,1,143
1666,100,10,1.6,50,100,100,1,118
1667,100,10,1.6,50,100,100,1,140
1672,100,10,1.6,50,100,100,1,134
1675,100,10,1.6,50,100,100,1,133
1671,100,10,1.6,50,100,100,1,166
1673,100,10,1.6,50,100,100,1,139
1668,100,10,1.6,50,100,100,1,150
1670,100,10,1.6,50,100,100,1,143
1674,100,10,1.6,50,100,100,1,105
1669,100,10,1.6,50,100,100,1,110
1679,100,10,1.6,50,100,100,1,129
1678,100,10,1.6,50,100,100,1,153
1681,100,10,1.6,50,100,100,1,131
1677,100,10,1.6,50,100,100,1,149
1682,100,10,1.6,50,100,100,1,147
1680,100,10,1.6,50,100,100,1,165
1676,100,10,1.6,50,100,100,1,155
1684,100,10,1.6,50,100,100,1,138
1683,100,10,1.6,50,100,100,1,167
1685,100,10,1.6,50,100,100,1,133
1687,100,10,1.6,50,100,100,1,142
1686,100,10,1.6,50,100,100,1,155
1688,100,10,1.6,50,100,100,1,137
1693,100,10,1.6,50,100,100,1,137
1689,100,10,1.6,50,100,100,1,191
1694,100,10,1.6,50,100,100,1,141
1690,100,10,1.6,50,100,100,1,151
1691,100,10,1.6,50,100,100,1,133
1696,100,10,1.6,50,100,100,1,138
1695,100,10,1.6,50,100,100,1,140
1692,100,10,1.6,50,100,100,1,123
1697,100,10,1.6,50,100,100,1,148
1700,100,10,1.6,50,100,100,1,119
1701,100,10,1.7,50,100,100,1,185
1698,100,10,1.6,50,100,100,1,135
1699,100,10,1.6,50,100,100,1,198
1703,100,10,1.7,50,100,100,1,112
1705,100,10,1.7,50,100,100,1,147
1702,100,10,1.7,50,100,100,1,179
1707,100,10,1.7,50,100,100,1,196
1704,100,10,1.7,50,100,100,1,159
1710,100,10,1.7,50,100,100,1,155
1712,100,10,1.7,50,100,100,1,151
1708,100,10,1.7,50,100,100,1,195
1706,100,10,1.7,50,100,100,1,165
1713,100,10,1.7,50,100,100,1,173
1714,100,10,1.7,50,100,100,1,182
1709,100,10,1.7,50,100,100,1,251
1711,100,10,1.7,50,100,100,1,239
1717,100,10,1.7,50,100,100,1,172
1715,100,10,1.7,50,100,100,1,205
1716,100,10,1.7,50,100,100,1,186
1720,100,10,1.7,50,100,100,1,195
1721,100,10,1.7,50,100,100,1,236
1722,100,10,1.7,50,100,100,1,160
1719,100,10,1.7,50,100,100,1,213
1723,100,10,1.7,50,100,100,1,206
1728,100,10,1.7,50,100,100,1,159
1731,100,10,1.7,50,100,100,1,133
1724,100,10,1.7,50,100,100,1,171
1726,100,10,1.7,50,100,100,1,194
1727,100,10,1.7,50,100,100,1,261
1733,100,10,1.7,50,100,100,1,120
1718,100,10,1.7,50,100,100,1,217
1730,100,10,1.7,50,100,100,1,225
1732,100,10,1.7,50,100,100,1,208
1725,100,10,1.7,50,100,100,1,237
1729,100,10,1.7,50,100,100,1,205
1734,100,10,1.7,50,100,100,1,177
1735,100,10,1.7,50,100,100,1,194
1737,100,10,1.7,50,100,100,1,185
1736,100,10,1.7,50,100,100,1,175
1738,100,10,1.7,50,100,100,1,193
1741,100,10,1.7,50,100,100,1,130
1739,100,10,1.7,50,100,100,1,180
1744,100,10,1.7,50,100,100,1,125
1743,100,10,1.7,50,100,100,1,157
1740,100,10,1.7,50,100,100,1,246
1746,100,10,1.7,50,100,100,1,183
1747,100,10,1.7,50,100,100,1,188
1745,100,10,1.7,50,100,100,1,190
1751,100,10,1.7,50,100,100,1,181
1742,100,10,1.7,50,100,100,1,198
1748,100,10,1.7,50,100,100,1,200
1754,100,10,1.7,50,100,100,1,142
1750,100,10,1.7,50,100,100,1,197
1752,100,10,1.7,50,100,100,1,161
1749,100,10,1.7,50,100,100,1,212
1758,100,10,1.7,50,100,100,1,144
1756,100,10,1.7,50,100,100,1,165
1753,100,10,1.7,50,100,100,1,146
1763,100,10,1.7,50,100,100,1,119
1759,100,10,1.7,50,100,100,1,181
1757,100,10,1.7,50,100,100,1,187
1760,100,10,1.7,50,100,100,1,182
1761,100,10,1.7,50,100,100,1,210
1766,100,10,1.7,50,100,100,1,162
1764,100,10,1.7,50,100,100,1,150
1762,100,10,1.7,50,100,100,1,193
1768,100,10,1.7,50,100,100,1,157
1767,100,10,1.7,50,100,100,1,184
1765,100,10,1.7,50,100,100,1,168
1755,100,10,1.7,50,100,100,1,182
1770,100,10,1.7,50,100,100,1,168
1773,100,10,1.7,50,100,100,1,193
1771,100,10,1.7,50,100,100,1,203
1776,100,10,1.7,50,100,100,1,154
1774,100,10,1.7,50,100,100,1,190
1781,100,10,1.7,50,100,100,1,154
1769,100,10,1.7,50,100,100,1,193
1778,100,10,1.7,50,100,100,1,184
1777,100,10,1.7,50,100,100,1,195
1775,100,10,1.7,50,100,100,1,133
1780,100,10,1.7,50,100,100,1,201
1772,100,10,1.7,50,100,100,1,237
1785,100,10,1.7,50,100,100,1,170
1786,100,10,1.7,50,100,100,1,165
1782,100,10,1.7,50,100,100,1,207
1779,100,10,1.7,50,100,100,1,183
1784,100,10,1.7,50,100,100,1,161
1787,100,10,1.7,50,100,100,1,154
1783,100,10,1.7,50,100,100,1,197
1790,100,10,1.7,50,100,100,1,155
1788,100,10,1.7,50,100,100,1,211
1789,100,10,1.7,50,100,100,1,175
1792,100,10,1.7,50,100,100,1,195
1793,100,10,1.7,50,100,100,1,200
1798,100,10,1.7,50,100,100,1,166
1791,100,10,1.7,50,100,100,1,241
1794,100,10,1.7,50,100,100,1,185
1799,100,10,1.7,50,100,100,1,143
1795,100,10,1.7,50,100,100,1,191
1797,100,10,1.7,50,100,100,1,236
1800,100,10,1.7,50,100,100,1,180
1806,100,10,1.8,50,100,100,1,140
1802,100,10,1.8,50,100,100,1,197
1796,100,10,1.7,50,100,100,1,206
1801,100,10,1.8,50,100,100,1,228
1805,100,10,1.8,50,100,100,1,182
1807,100,10,1.8,50,100,100,1,250
1804,100,10,1.8,50,100,100,1,327
1803,100,10,1.8,50,100,100,1,234
1809,100,10,1.8,50,100,100,1,188
1808,100,10,1.8,50,100,100,1,236
1812,100,10,1.8,50,100,100,1,207
1817,100,10,1.8,50,100,100,1,162
1814,100,10,1.8,50,100,100,1,170
1810,100,10,1.8,50,100,100,1,195
1813,100,10,1.8,50,100,100,1,237
1811,100,10,1.8,50,100,100,1,265
1816,100,10,1.8,50,100,100,1,219
1820,100,10,1.8,50,100,100,1,246
1818,100,10,1.8,50,100,100,1,168
1815,100,10,1.8,50,100,100,1,220
1821,100,10,1.8,50,100,100,1,223
1824,100,10,1.8,50,100,100,1,263
1825,100,10,1.8,50,100,100,1,211
1822,100,10,1.8,50,100,100,1,288
1819,100,10,1.8,50,100,100,1,362
1828,100,10,1.8,50,100,100,1,194
1826,100,10,1.8,50,100,100,1,302
1823,100,10,1.8,50,100,100,1,335
1834,100,10,1.8,50,100,100,1,232
1831,100,10,1.8,50,100,100,1,227
1833,100,10,1.8,50,100,100,1,234
1832,100,10,1.8,50,100,100,1,233
1837,100,10,1.8,50,100,100,1,173
1829,100,10,1.8,50,100,100,1,232
1830,100,10,1.8,50,100,100,1,256
1827,100,10,1.8,50,100,100,1,343
1836,100,10,1.8,50,100,100,1,261
1838,100,10,1.8,50,100,100,1,246
1835,100,10,1.8,50,100,100,1,201
1839,100,10,1.8,50,100,100,1,216
1840,100,10,1.8,50,100,100,1,209
1841,100,10,1.8,50,100,100,1,264
1842,100,10,1.8,50,100,100,1,243
1848,100,10,1.8,50,100,100,1,273
1852,100,10,1.8,50,100,100,1,202
1851,100,10,1.8,50,100,100,1,199
1847,100,10,1.8,50,100,100,1,233
1850,100,10,1.8,50,100,100,1,195
1846,100,10,1.8,50,100,100,1,265
1844,100,10,1.8,50,100,100,1,248
1855,100,10,1.8,50,100,100,1,200
1843,100,10,1.8,50,100,100,1,273
1854,100,10,1.8,50,100,100,1,227
1853,100,10,1.8,50,100,100,1,301
1849,100,10,1.8,50,100,100,1,242
1845,100,10,1.8,50,100,100,1,358
1858,100,10,1.8,50,100,100,1,173
1856,100,10,1.8,50,100,100,1,276
1862,100,10,1.8,50,100,100,1,181
1859,100,10,1.8,50,100,100,1,211
1857,100,10,1.8,50,100,100,1,312
1860,100,10,1.8,50,100,100,1,196
1865,100,10,1.8,50,100,100,1,181
1866,100,10,1.8,50,100,100,1,226
1864,100,10,1.8,50,100,100,1,228
1868,100,10,1.8,50,100,100,1,233
1863,100,10,1.8,50,100,100,1,236
1867,100,10,1.8,50,100,100,1,211
1861,100,10,1.8,50,100,100,1,318
1869,100,10,1.8,50,100,100,1,275
1871,100,10,1.8,50,100,100,1,238
1872,100,10,1.8,50,100,100,1,240
1870,100,10,1.8,50,100,100,1,226
1876,100,10,1.8,50,100,100,1,192
1874,100,10,1.8,50,100,100,1,280
1875,100,10,1.8,50,100,100,1,255
1873,100,10,1.8,50,100,100,1,275
1877,100,10,1.8,50,100,100,1,200
1882,100,10,1.8,50,100,100,1,177
1878,100,10,1.8,50,100,100,1,233
1880,100,10,1.8,50,100,100,1,255
1883,100,10,1.8,50,100,100,1,268
1885,100,10,1.8,50,100,100,1,270
1879,100,10,1.8,50,100,100,1,286
1884,100,10,1.8,50,100,100,1,223
1881,100,10,1.8,50,100,100,1,256
1887,100,10,1.8,50,100,100,1,210
1890,100,10,1.8,50,100,100,1,175
1893,100,10,1.8,50,100,100,1,212
1889,100,10,1.8,50,100,100,1,213
1891,100,10,1.8,50,100,100,1,261
1886,100,10,1.8,50,100,100,1,258
1888,100,10,1.8,50,100,100,1,280
1895,100,10,1.8,50,100,100,1,200
1898,100,10,1.8,50,100,100,1,218
1894,100,10,1.8,50,100,100,1,266
1900,100,10,1.8,50,100,100,1,211
1899,100,10,1.8,50,100,100,1,240
1897,100,10,1.8,50,100,100,1,225
1896,100,10,1.8,50,100,100,1,313
1892,100,10,1.8,50,100,100,1,320
1903,100,10,1.9,50,100,100,1,227
1902,100,10,1.9,50,100,100,1,359
1905,100,10,1.9,50,100,100,1,254
1906,100,10,1.9,50,100,100,1,302
1901,100,10,1.9,50,100,100,1,280
1904,100,10,1.9,50,100,100,1,391
1907,100,10,1.9,50,100,100,1,282
1913,100,10,1.9,50,100,100,1,236
1912,100,10,1.9,50,100,100,1,232
1908,100,10,1.9,50,100,100,1,304
1909,100,10,1.9,50,100,100,1,220
1911,100,10,1.9,50,100,100,1,248
1917,100,10,1.9,50,100,100,1,196
1910,100,10,1.9,50,100,100,1,328
1915,100,10,1.9,50,100,100,1,297
1920,100,10,1.9,50,100,100,1,260
1916,100,10,1.9,50,100,100,1,278
1918,100,10,1.9,50,100,100,1,253
1914,100,10,1.9,50,100,100,1,420
1924,100,10,1.9,50,100,100,1,189
1919,100,10,1.9,50,100,100,1,339
1922,100,10,1.9,50,100,100,1,248
1921,100,10,1.9,50,100,100,1,321
1925,100,10,1.9,50,100,100,1,268
1929,100,10,1.9,50,100,100,1,251
1928,100,10,1.9,50,100,100,1,245
1930,100,10,1.9,50,100,100,1,288
1926,100,10,1.9,50,100,100,1,294
1923,100,10,1.9,50,100,100,1,348
1931,100,10,1.9,50,100,100,1,244
1932,100,10,1.9,50,100,100,1,367
1927,100,10,1.9,50,100,100,1,378
1934,100,10,1.9,50,100,100,1,275
1936,100,10,1.9,50,100,100,1,310
1938,100,10,1.9,50,100,100,1,247
1935,100,10,1.9,50,100,100,1,256
1933,100,10,1.9,50,100,100,1,303
1937,100,10,1.9,50,100,100,1,313
1940,100,10,1.9,50,100,100,1,227
1942,100,10,1.9,50,100,100,1,262
1939,100,10,1.9,50,100,100,1,320
1941,100,10,1.9,50,100,100,1,344
1943,100,10,1.9,50,100,100,1,246
1947,100,10,1.9,50,100,100,1,204
1950,100,10,1.9,50,100,100,1,302
1951,100,10,1.9,50,100,100,1,296
1945,100,10,1.9,50,100,100,1,325
1954,100,10,1.9,50,100,100,1,224
1953,100,10,1.9,50,100,100,1,271
1946,100,10,1.9,50,100,100,1,449
1955,100,10,1.9,50,100,100,1,339
1949,100,10,1.9,50,100,100,1,497
1944,100,10,1.9,50,100,100,1,337
1948,100,10,1.9,50,100,100,1,408
1960,100,10,1.9,50,100,100,1,274
1959,100,10,1.9,50,100,100,1,263
1956,100,10,1.9,50,100,100,1,293
1952,100,10,1.9,50,100,100,1,366
1958,100,10,1.9,50,100,100,1,320
1964,100,10,1.9,50,100,100,1,311
1962,100,10,1.9,50,100,100,1,356
1957,100,10,1.9,50,100,100,1,297
1963,100,10,1.9,50,100,100,1,255
1961,100,10,1.9,50,100,100,1,466
1965,100,10,1.9,50,100,100,1,267
1966,100,10,1.9,50,100,100,1,373
1968,100,10,1.9,50,100,100,1,333
1967,100,10,1.9,50,100,100,1,484
1971,100,10,1.9,50,100,100,1,322
1975,100,10,1.9,50,100,100,1,249
1969,100,10,1.9,50,100,100,1,250
1972,100,10,1.9,50,100,100,1,342
1970,100,10,1.9,50,100,100,1,301
1974,100,10,1.9,50,100,100,1,251
1977,100,10,1.9,50,100,100,1,234
1976,100,10,1.9,50,100,100,1,331
1983,100,10,1.9,50,100,100,1,247
1973,100,10,1.9,50,100,100,1,425
1980,100,10,1.9,50,100,100,1,279
1978,100,10,1.9,50,100,100,1,280
1982,100,10,1.9,50,100,100,1,272
1979,100,10,1.9,50,100,100,1,262
1989,100,10,1.9,50,100,100,1,202
1981,100,10,1.9,50,100,100,1,259
1985,100,10,1.9,50,100,100,1,299
1988,100,10,1.9,50,100,100,1,231
1986,100,10,1.9,50,100,100,1,304
1984,100,10,1.9,50,100,100,1,314
1987,100,10,1.9,50,100,100,1,275
1990,100,10,1.9,50,100,100,1,306
1997,100,10,1.9,50,100,100,1,213
1993,100,10,1.9,50,100,100,1,275
1994,100,10,1.9,50,100,100,1,280
1991,100,10,1.9,50,100,100,1,406
1992,100,10,1.9,50,100,100,1,361
1998,100,10,1.9,50,100,100,1,226
1995,100,10,1.9,50,100,100,1,324
1999,100,10,1.9,50,100,100,1,232
1996,100,10,1.9,50,100,100,1,304
2000,100,10,1.9,50,100,100,1,325
2001,100,10,2,50,100,100,1,434
2004,100,10,2,50,100,100,1,412
2002,100,10,2,50,100,100,1,606
2010,100,10,2,50,100,100,1,373
2012,100,10,2,50,100,100,1,242
2009,100,10,2,50,100,100,1,384
2003,100,10,2,50,100,100,1,686
2006,100,10,2,50,100,100,1,430
2011,100,10,2,50,100,100,1,547
2007,100,10,2,50,100,100,1,466
2014,100,10,2,50,100,100,1,277
2013,100,10,2,50,100,100,1,434
2008,100,10,2,50,100,100,1,582
2015,100,10,2,50,100,100,1,301
2016,100,10,2,50,100,100,1,303
2017,100,10,2,50,100,100,1,459
2005,100,10,2,50,100,100,1,605
2019,100,10,2,50,100,100,1,415
2018,100,10,2,50,100,100,1,374
2022,100,10,2,50,100,100,1,235
2020,100,10,2,50,100,100,1,401
2030,100,10,2,50,100,100,1,233
2021,100,10,2,50,100,100,1,322
2024,100,10,2,50,100,100,1,384
2023,100,10,2,50,100,100,1,528
2028,100,10,2,50,100,100,1,390
2032,100,10,2,50,100,100,1,513
2027,100,10,2,50,100,100,1,338
2031,100,10,2,50,100,100,1,325
2026,100,10,2,50,100,100,1,380
2025,100,10,2,50,100,100,1,525
2029,100,10,2,50,100,100,1,538
2034,100,10,2,50,100,100,1,364
2033,100,10,2,50,100,100,1,273
2035,100,10,2,50,100,100,1,417
2036,100,10,2,50,100,100,1,435
2037,100,10,2,50,100,100,1,443
2043,100,10,2,50,100,100,1,307
2038,100,10,2,50,100,100,1,313
2040,100,10,2,50,100,100,1,318
2039,100,10,2,50,100,100,1,384
2048,100,10,2,50,100,100,1,277
2041,100,10,2,50,100,100,1,477
2045,100,10,2,50,100,100,1,297
2049,100,10,2,50,100,100,1,388
2047,100,10,2,50,100,100,1,393
2042,100,10,2,50,100,100,1,530
2046,100,10,2,50,100,100,1,358
2044,100,10,2,50,100,100,1,536
2051,100,10,2,50,100,100,1,465
2053,100,10,2,50,100,100,1,475
2050,100,10,2,50,100,100,1,457
2055,100,10,2,50,100,100,1,292
2057,100,10,2,50,100,100,1,323
2054,100,10,2,50,100,100,1,506
2052,100,10,2,50,100,100,1,555
2059,100,10,2,50,100,100,1,320
2061,100,10,2,50,100,100,1,321
2058,100,10,2,50,100,100,1,285
2056,100,10,2,50,100,100,1,374
2062,100,10,2,50,100,100,1,357
2060,100,10,2,50,100,100,1,500
2064,100,10,2,50,100,100,1,388
2063,100,10,2,50,100,100,1,578
2067,100,10,2,50,100,100,1,288
2066,100,10,2,50,100,100,1,392
2068,100,10,2,50,100,100,1,311
2074,100,10,2,50,100,100,1,430
2075,100,10,2,50,100,100,1,319
2065,100,10,2,50,100,100,1,536
2076,100,10,2,50,100,100,1,323
2070,100,10,2,50,100,100,1,393
2073,100,10,2,50,100,100,1,441
2071,100,10,2,50,100,100,1,526
2077,100,10,2,50,100,100,1,417
2079,100,10,2,50,100,100,1,242
2078,100,10,2,50,100,100,1,356
2069,100,10,2,50,100,100,1,511
2080,100,10,2,50,100,100,1,368
2072,100,10,2,50,100,100,1,465
2081,100,10,2,50,100,100,1,450
2082,100,10,2,50,100,100,1,287
2089,100,10,2,50,100,100,1,254
2090,100,10,2,50,100,100,1,307
2086,100,10,2,50,100,100,1,261
2085,100,10,2,50,100,100,1,326
2095,100,10,2,50,100,100,1,214
2083,100,10,2,50,100,100,1,395
2087,100,10,2,50,100,100,1,323
2084,100,10,2,50,100,100,1,493
2092,100,10,2,50,100,100,1,362
2093,100,10,2,50,100,100,1,279
2091,100,10,2,50,100,100,1,440
2094,100,10,2,50,100,100,1,287
2097,100,10,2,50,100,100,1,323
2096,100,10,2,50,100,100,1,523
2088,100,10,2,50,100,100,1,555
2098,100,10,2,50,100,100,1,408
2100,100,10,2,50,100,100,1,357
2099,100,10,2,50,100,100,1,383
